Watching for file changes with StatReloader
[28/Nov/2025 17:22:43] "GET /admin/login/ HTTP/1.1" 200 4227
Performing system checks...

System check identified no issues (0 silenced).
November 28, 2025 - 17:22:26
Django version 4.2.16, using settings 'config.settings'
Starting development server at http://127.0.0.1:8000/
Quit the server with CONTROL-C.

🔍 DEBUG CHAT: Функция chat_workflow выполняется для пользователя: andrei.golubenko
🔍 КАЛЕНДАРЬ КОМПАНИИ: Начинаем получение настроек...
🔍 КАЛЕНДАРЬ КОМПАНИИ: Импорт модели успешен
🔍 КАЛЕНДАРЬ КОМПАНИИ: Получены настройки компании, ID записи: 1
🔍 КАЛЕНДАРЬ КОМПАНИИ: main_calendar_id = 'https://calendar.google.com/calendar/embed?src=c_6neaou3phcsg46u40pjbf6bki8%40group.calendar.google.com&ctz=Europe%2FMinsk'
🔍 КАЛЕНДАРЬ КОМПАНИИ: Исходное значение из настроек: 'https://calendar.google.com/calendar/embed?src=c_6neaou3phcsg46u40pjbf6bki8%40group.calendar.google.com&ctz=Europe%2FMinsk'
🔍 КАЛЕНДАРЬ КОМПАНИИ: Обнаружена ссылка, извлекаем calendar_id...
🔍 EXTRACT_CALENDAR_ID: Извлечен из src: 'c_6neaou3phcsg46u40pjbf6bki8@group.calendar.google.com' (исходный: 'c_6neaou3phcsg46u40pjbf6bki8%40group.calendar.google.com')
✅ КАЛЕНДАРЬ КОМПАНИИ: Извлечен calendar_id из ссылки: 'c_6neaou3phcsg46u40pjbf6bki8@group.calendar.google.com'
✅ КАЛЕНДАРЬ КОМПАНИИ: Финальный calendar_id для использования: 'c_6neaou3phcsg46u40pjbf6bki8@group.calendar.google.com'
🔍 DEBUG CHAT: Получение событий для пользователя: andrei.golubenko
💾 Сохранены события календаря в кэш: 28 событий
🔍 DEBUG CHAT: Получено 28 событий из календаря пользователя
🔍 КАЛЕНДАРЬ КОМПАНИИ: Начинаем получение событий для calendar_id='c_6neaou3phcsg46u40pjbf6bki8@group.calendar.google.com'
💾 Сохранены события календаря в кэш: 24 событий
✅ КАЛЕНДАРЬ КОМПАНИИ: Успешно получено 24 событий из календаря компании
📅 КАЛЕНДАРЬ КОМПАНИИ: События сегодня (2025-11-28): 4
   - BE CR: Beliayeu V.
   - E2E CR: Kern N.
   - FE CR: Vasko U.
   -  📢 Meetup: Typography in web and css
📅 КАЛЕНДАРЬ КОМПАНИИ: События на следующей неделе (2025-12-01 - 2025-12-07): 15
   - FE CR: Mikhniuk A.
   - E2E CR: Voitas A.
   - BE CR: Zhuk P.
   - E2E CR: Voitas A.
   - BE CR: Toukach A.
   - FE CR: Litavar Y.
   - E2E CR: Voitas A.
   - BE CR: Borykau A.
   - FE CR: Kaportsau A.
   - E2E CR: Voitas A.
   - BE CR: Kutavenka M.
   - FE CR: Stakhavets D.
   - BE CR: Pryhozhy K.
   - E2E CR: Voitas A.
   - FE CR: Hrudzinski D.
📅 КАЛЕНДАРЬ КОМПАНИИ: Всего событий после объединения: 52 (primary: 28, company: 24)
📅 СОБЫТИЕ [1/52]: 'PM целый день'
   📍 Источник календаря: primary (пользователь)
   👤 Организатор: andrei.golubenko@softnetix.io
📅 СОБЫТИЕ [2/52]: 'Remote'
   📍 Источник календаря: primary (пользователь)
   👤 Организатор: andrei.golubenko@softnetix.io
📅 СОБЫТИЕ [3/52]: 'DevOps Tech Interview | Dediulia Anton'
   📍 Источник календаря: primary (пользователь)
   👤 Организатор: andrei.golubenko@softnetix.io
📅 СОБЫТИЕ [4/52]: 'JS Tech Screening | None ТЕСТ'
   📍 Источник календаря: primary (пользователь)
   👤 Организатор: andrei.golubenko@softnetix.io
📅 СОБЫТИЕ [5/52]: 'JS Tech Screening | None ТЕСТ'
   📍 Источник календаря: primary (пользователь)
   👤 Организатор: andrei.golubenko@softnetix.io
📅 СОБЫТИЕ [6/52]: 'Recruitment Meeting'
   📍 Источник календаря: primary (пользователь)
   👤 Организатор: alena.koipash@softnetix.io
📅 СОБЫТИЕ [7/52]: 'JS Tech Screening | Postnik Daniil'
   📍 Источник календаря: primary (пользователь)
   👤 Организатор: andrei.golubenko@softnetix.io
📅 СОБЫТИЕ [8/52]: 'Обед'
   📍 Источник календаря: primary (пользователь)
   👤 Организатор: andrei.golubenko@softnetix.io
📅 СОБЫТИЕ [9/52]: 'JS Tech Screening | Швецов Антон'
   📍 Источник календаря: primary (пользователь)
   👤 Организатор: andrei.golubenko@softnetix.io
📅 СОБЫТИЕ [10/52]: 'JS Tech Screening | Парфенчик Николай'
   📍 Источник календаря: primary (пользователь)
   👤 Организатор: andrei.golubenko@softnetix.io
📅 СОБЫТИЕ [11/52]: 'Обед'
   📍 Источник календаря: primary (пользователь)
   👤 Организатор: andrei.golubenko@softnetix.io
📅 СОБЫТИЕ [12/52]: 'JS Tech Screening | Mартиновский Алексей'
   📍 Источник календаря: primary (пользователь)
   👤 Организатор: andrei.golubenko@softnetix.io
📅 СОБЫТИЕ [13/52]: 'DevOps Tech Interview | Гусев Андрей'
   📍 Источник календаря: primary (пользователь)
   👤 Организатор: andrei.golubenko@softnetix.io
📅 СОБЫТИЕ [14/52]: 'Обед'
   📍 Источник календаря: primary (пользователь)
   👤 Организатор: andrei.golubenko@softnetix.io
📅 СОБЫТИЕ [15/52]: 'Обед'
   📍 Источник календаря: primary (пользователь)
   👤 Организатор: andrei.golubenko@softnetix.io
📅 СОБЫТИЕ [16/52]: 'Recruitment Meeting'
   📍 Источник календаря: primary (пользователь)
   👤 Организатор: alena.koipash@softnetix.io
📅 СОБЫТИЕ [17/52]: 'PM Screening | Hatskevich Michael'
   📍 Источник календаря: primary (пользователь)
   👤 Организатор: andrei.golubenko@softnetix.io
📅 СОБЫТИЕ [18/52]: 'Обед'
   📍 Источник календаря: primary (пользователь)
   👤 Организатор: andrei.golubenko@softnetix.io
📅 СОБЫТИЕ [19/52]: 'DevOps Tech Interview | TKACHENKO MATVEI'
   📍 Источник календаря: primary (пользователь)
   👤 Организатор: andrei.golubenko@softnetix.io
📅 СОБЫТИЕ [20/52]: 'Recruitment Meeting'
   📍 Источник календаря: primary (пользователь)
   👤 Организатор: alena.koipash@softnetix.io
📅 СОБЫТИЕ [21/52]: 'Обед'
   📍 Источник календаря: primary (пользователь)
   👤 Организатор: andrei.golubenko@softnetix.io
📅 СОБЫТИЕ [22/52]: 'Обед'
   📍 Источник календаря: primary (пользователь)
   👤 Организатор: andrei.golubenko@softnetix.io
📅 СОБЫТИЕ [23/52]: 'Обед'
   📍 Источник календаря: primary (пользователь)
   👤 Организатор: andrei.golubenko@softnetix.io
📅 СОБЫТИЕ [24/52]: 'A2+'
   📍 Источник календаря: primary (пользователь)
   👤 Организатор: anastasiya.maneshyna@softnetix.io
📅 СОБЫТИЕ [25/52]: 'Обед'
   📍 Источник календаря: primary (пользователь)
   👤 Организатор: andrei.golubenko@softnetix.io
📅 СОБЫТИЕ [26/52]: 'Recruitment Meeting'
   📍 Источник календаря: primary (пользователь)
   👤 Организатор: alena.koipash@softnetix.io
📅 СОБЫТИЕ [27/52]: 'Обед'
   📍 Источник календаря: primary (пользователь)
   👤 Организатор: andrei.golubenko@softnetix.io
📅 СОБЫТИЕ [28/52]: 'JS Tech Screening | Синица Владислав'
   📍 Источник календаря: primary (пользователь)
   👤 Организатор: andrei.golubenko@softnetix.io
📅 СОБЫТИЕ [29/52]: 'BE CR: Beliayeu V.'
   📍 Источник календаря: company (c_6neaou3phcsg46u40pjbf6bki8@group.calendar.google.com)
   👤 Организатор: c_6neaou3phcsg46u40pjbf6bki8@group.calendar.google.com (Softnetix)
   ✏️ Создатель: nikita.buinitski@softnetix.io
📅 СОБЫТИЕ [30/52]: 'E2E CR: Kern N.'
   📍 Источник календаря: company (c_6neaou3phcsg46u40pjbf6bki8@group.calendar.google.com)
   👤 Организатор: c_6neaou3phcsg46u40pjbf6bki8@group.calendar.google.com (Softnetix)
   ✏️ Создатель: arthur.akimov@softnetix.io
📅 СОБЫТИЕ [31/52]: 'FE CR: Vasko U.'
   📍 Источник календаря: company (c_6neaou3phcsg46u40pjbf6bki8@group.calendar.google.com)
   👤 Организатор: c_6neaou3phcsg46u40pjbf6bki8@group.calendar.google.com (Softnetix)
   ✏️ Создатель: nikita.buinitski@softnetix.io
📅 СОБЫТИЕ [32/52]: ' 📢 Meetup: Typography in web and css'
   📍 Источник календаря: company (c_6neaou3phcsg46u40pjbf6bki8@group.calendar.google.com)
   👤 Организатор: c_6neaou3phcsg46u40pjbf6bki8@group.calendar.google.com (Softnetix)
   ✏️ Создатель: alena.koipash@softnetix.io
📅 СОБЫТИЕ [33/52]: 'FE CR: Mikhniuk A.'
   📍 Источник календаря: company (c_6neaou3phcsg46u40pjbf6bki8@group.calendar.google.com)
   👤 Организатор: c_6neaou3phcsg46u40pjbf6bki8@group.calendar.google.com (Softnetix)
   ✏️ Создатель: nikita.buinitski@softnetix.io
📅 СОБЫТИЕ [34/52]: 'E2E CR: Voitas A.'
   📍 Источник календаря: company (c_6neaou3phcsg46u40pjbf6bki8@group.calendar.google.com)
   👤 Организатор: c_6neaou3phcsg46u40pjbf6bki8@group.calendar.google.com (Softnetix)
   ✏️ Создатель: arthur.akimov@softnetix.io
📅 СОБЫТИЕ [35/52]: 'BE CR: Zhuk P.'
   📍 Источник календаря: company (c_6neaou3phcsg46u40pjbf6bki8@group.calendar.google.com)
   👤 Организатор: c_6neaou3phcsg46u40pjbf6bki8@group.calendar.google.com (Softnetix)
   ✏️ Создатель: nikita.buinitski@softnetix.io
📅 СОБЫТИЕ [36/52]: 'E2E CR: Voitas A.'
   📍 Источник календаря: company (c_6neaou3phcsg46u40pjbf6bki8@group.calendar.google.com)
   👤 Организатор: c_6neaou3phcsg46u40pjbf6bki8@group.calendar.google.com (Softnetix)
   ✏️ Создатель: arthur.akimov@softnetix.io
📅 СОБЫТИЕ [37/52]: 'BE CR: Toukach A.'
   📍 Источник календаря: company (c_6neaou3phcsg46u40pjbf6bki8@group.calendar.google.com)
   👤 Организатор: c_6neaou3phcsg46u40pjbf6bki8@group.calendar.google.com (Softnetix)
   ✏️ Создатель: nikita.buinitski@softnetix.io
📅 СОБЫТИЕ [38/52]: 'FE CR: Litavar Y.'
   📍 Источник календаря: company (c_6neaou3phcsg46u40pjbf6bki8@group.calendar.google.com)
   👤 Организатор: c_6neaou3phcsg46u40pjbf6bki8@group.calendar.google.com (Softnetix)
   ✏️ Создатель: nikita.buinitski@softnetix.io
📅 СОБЫТИЕ [39/52]: 'E2E CR: Voitas A.'
   📍 Источник календаря: company (c_6neaou3phcsg46u40pjbf6bki8@group.calendar.google.com)
   👤 Организатор: c_6neaou3phcsg46u40pjbf6bki8@group.calendar.google.com (Softnetix)
   ✏️ Создатель: arthur.akimov@softnetix.io
📅 СОБЫТИЕ [40/52]: 'BE CR: Borykau A.'
   📍 Источник календаря: company (c_6neaou3phcsg46u40pjbf6bki8@group.calendar.google.com)
   👤 Организатор: c_6neaou3phcsg46u40pjbf6bki8@group.calendar.google.com (Softnetix)
   ✏️ Создатель: nikita.buinitski@softnetix.io
📅 СОБЫТИЕ [41/52]: 'FE CR: Kaportsau A.'
   📍 Источник календаря: company (c_6neaou3phcsg46u40pjbf6bki8@group.calendar.google.com)
   👤 Организатор: c_6neaou3phcsg46u40pjbf6bki8@group.calendar.google.com (Softnetix)
   ✏️ Создатель: nikita.buinitski@softnetix.io
📅 СОБЫТИЕ [42/52]: 'E2E CR: Voitas A.'
   📍 Источник календаря: company (c_6neaou3phcsg46u40pjbf6bki8@group.calendar.google.com)
   👤 Организатор: c_6neaou3phcsg46u40pjbf6bki8@group.calendar.google.com (Softnetix)
   ✏️ Создатель: arthur.akimov@softnetix.io
📅 СОБЫТИЕ [43/52]: 'BE CR: Kutavenka M.'
   📍 Источник календаря: company (c_6neaou3phcsg46u40pjbf6bki8@group.calendar.google.com)
   👤 Организатор: c_6neaou3phcsg46u40pjbf6bki8@group.calendar.google.com (Softnetix)
   ✏️ Создатель: nikita.buinitski@softnetix.io
📅 СОБЫТИЕ [44/52]: 'FE CR: Stakhavets D.'
   📍 Источник календаря: company (c_6neaou3phcsg46u40pjbf6bki8@group.calendar.google.com)
   👤 Организатор: c_6neaou3phcsg46u40pjbf6bki8@group.calendar.google.com (Softnetix)
   ✏️ Создатель: nikita.buinitski@softnetix.io
📅 СОБЫТИЕ [45/52]: 'BE CR: Pryhozhy K.'
   📍 Источник календаря: company (c_6neaou3phcsg46u40pjbf6bki8@group.calendar.google.com)
   👤 Организатор: c_6neaou3phcsg46u40pjbf6bki8@group.calendar.google.com (Softnetix)
   ✏️ Создатель: nikita.buinitski@softnetix.io
📅 СОБЫТИЕ [46/52]: 'E2E CR: Voitas A.'
   📍 Источник календаря: company (c_6neaou3phcsg46u40pjbf6bki8@group.calendar.google.com)
   👤 Организатор: c_6neaou3phcsg46u40pjbf6bki8@group.calendar.google.com (Softnetix)
   ✏️ Создатель: arthur.akimov@softnetix.io
📅 СОБЫТИЕ [47/52]: 'FE CR: Hrudzinski D.'
   📍 Источник календаря: company (c_6neaou3phcsg46u40pjbf6bki8@group.calendar.google.com)
   👤 Организатор: c_6neaou3phcsg46u40pjbf6bki8@group.calendar.google.com (Softnetix)
   ✏️ Создатель: nikita.buinitski@softnetix.io
📅 СОБЫТИЕ [48/52]: 'E2E CR: Kern N.'
   📍 Источник календаря: company (c_6neaou3phcsg46u40pjbf6bki8@group.calendar.google.com)
   👤 Организатор: c_6neaou3phcsg46u40pjbf6bki8@group.calendar.google.com (Softnetix)
   ✏️ Создатель: arthur.akimov@softnetix.io
📅 СОБЫТИЕ [49/52]: 'E2E CR: Kern N.'
   📍 Источник календаря: company (c_6neaou3phcsg46u40pjbf6bki8@group.calendar.google.com)
   👤 Организатор: c_6neaou3phcsg46u40pjbf6bki8@group.calendar.google.com (Softnetix)
   ✏️ Создатель: arthur.akimov@softnetix.io
📅 СОБЫТИЕ [50/52]: 'E2E CR: Kern N.'
   📍 Источник календаря: company (c_6neaou3phcsg46u40pjbf6bki8@group.calendar.google.com)
   👤 Организатор: c_6neaou3phcsg46u40pjbf6bki8@group.calendar.google.com (Softnetix)
   ✏️ Создатель: arthur.akimov@softnetix.io
📅 СОБЫТИЕ [51/52]: 'E2E CR: Kern N.'
   📍 Источник календаря: company (c_6neaou3phcsg46u40pjbf6bki8@group.calendar.google.com)
   👤 Организатор: c_6neaou3phcsg46u40pjbf6bki8@group.calendar.google.com (Softnetix)
   ✏️ Создатель: arthur.akimov@softnetix.io
📅 СОБЫТИЕ [52/52]: 'E2E CR: Kern N.'
   📍 Источник календаря: company (c_6neaou3phcsg46u40pjbf6bki8@group.calendar.google.com)
   👤 Организатор: c_6neaou3phcsg46u40pjbf6bki8@group.calendar.google.com (Softnetix)
   ✏️ Создатель: arthur.akimov@softnetix.io
🔍 DEBUG CHAT: Найдено фото пользователя: https://lh3.googleusercontent.com/a/ACg8ocJsYe1sFQFtGk0M1sMa16I92X_j5oX-P0fBs2_6HPX6oNwg_0U=s96-c
🕐 НАСТРОЙКИ: Рабочие часы 11:00-19:00, интервал 15 мин
📅 СЛОТЫ СКРИНИНГОВ: Начинаем поиск доступных слотов
📅 СЛОТЫ СКРИНИНГОВ: Длительность встречи: 45 минут
📅 СЛОТЫ СКРИНИНГОВ: События календаря: 52
📅 СЛОТЫ СКРИНИНГОВ: Используются календари: пользователь andrei.golubenko@softnetix.io + компания (c_6neaou3phcsg46u40pjbf6bki8@group.calendar.google.com)
📅 СЛОТЫ СКРИНИНГОВ: Подготовлено 52 событий для расчета (пользователь + компания)
📅 СЛОТЫ СКРИНИНГОВ: Из них событий календаря компании: 24
⏭️ Пропускаем прошедший день: 24.11.2025
⏭️ Пропускаем прошедший день: 25.11.2025
⏭️ Пропускаем прошедший день: 26.11.2025
⏭️ Пропускаем прошедший день: 27.11.2025
🔍 FILTER: event_start=2025-11-28 03:00:00+03:00, date_start=2025-11-28 00:00:00+03:00, date_end=2025-11-28 23:59:59.999999+03:00
🔍 FILTER: event_start.tzinfo=Europe/Minsk, date_start.tzinfo=Europe/Minsk
🔍 FILTER: event_start=2025-11-28 02:00:00+03:00, date_start=2025-11-28 00:00:00+03:00, date_end=2025-11-28 23:59:59.999999+03:00
🔍 FILTER: event_start.tzinfo=Europe/Minsk, date_start.tzinfo=Europe/Minsk
🔍 FILTER: event_start=2025-11-28 17:00:00+03:00, date_start=2025-11-28 00:00:00+03:00, date_end=2025-11-28 23:59:59.999999+03:00
🔍 FILTER: event_start.tzinfo=Europe/Minsk, date_start.tzinfo=Europe/Minsk
📅 День Пт 28.11.2025: 3 встреч, слоты: Нет свободных слотов
📅 Итого дней со слотами в неделе: 1
🔍 FILTER: event_start=2025-11-28 03:00:00+03:00, date_start=2025-12-01 00:00:00+03:00, date_end=2025-12-01 23:59:59.999999+03:00
🔍 FILTER: event_start.tzinfo=Europe/Minsk, date_start.tzinfo=Europe/Minsk
🔍 FILTER: event_start=2025-11-28 02:00:00+03:00, date_start=2025-12-01 00:00:00+03:00, date_end=2025-12-01 23:59:59.999999+03:00
🔍 FILTER: event_start.tzinfo=Europe/Minsk, date_start.tzinfo=Europe/Minsk
🔍 FILTER: event_start=2025-11-28 17:00:00+03:00, date_start=2025-12-01 00:00:00+03:00, date_end=2025-12-01 23:59:59.999999+03:00
🔍 FILTER: event_start.tzinfo=Europe/Minsk, date_start.tzinfo=Europe/Minsk
🔍 FILTER: event_start=2025-11-29 15:00:00+03:00, date_start=2025-12-01 00:00:00+03:00, date_end=2025-12-01 23:59:59.999999+03:00
🔍 FILTER: event_start.tzinfo=Europe/Minsk, date_start.tzinfo=Europe/Minsk
🔍 FILTER: event_start=2025-11-29 16:00:00+03:00, date_start=2025-12-01 00:00:00+03:00, date_end=2025-12-01 23:59:59.999999+03:00
🔍 FILTER: event_start.tzinfo=Europe/Minsk, date_start.tzinfo=Europe/Minsk
🔍 FILTER: event_start=2025-12-01 10:30:00+03:00, date_start=2025-12-01 00:00:00+03:00, date_end=2025-12-01 23:59:59.999999+03:00
🔍 FILTER: event_start.tzinfo=Europe/Minsk, date_start.tzinfo=Europe/Minsk
🔍 FILTER: event_start=2025-12-01 13:00:00+03:00, date_start=2025-12-01 00:00:00+03:00, date_end=2025-12-01 23:59:59.999999+03:00
🔍 FILTER: event_start.tzinfo=Europe/Minsk, date_start.tzinfo=Europe/Minsk
🔍 FILTER: event_start=2025-12-01 14:00:00+03:00, date_start=2025-12-01 00:00:00+03:00, date_end=2025-12-01 23:59:59.999999+03:00
🔍 FILTER: event_start.tzinfo=Europe/Minsk, date_start.tzinfo=Europe/Minsk
📅 День Пн 01.12.2025: 5 встреч, слоты: 11.15-12.45, 16.45-19.00
🔍 FILTER: event_start=2025-11-28 03:00:00+03:00, date_start=2025-12-02 00:00:00+03:00, date_end=2025-12-02 23:59:59.999999+03:00
🔍 FILTER: event_start.tzinfo=Europe/Minsk, date_start.tzinfo=Europe/Minsk
🔍 FILTER: event_start=2025-11-28 02:00:00+03:00, date_start=2025-12-02 00:00:00+03:00, date_end=2025-12-02 23:59:59.999999+03:00
🔍 FILTER: event_start.tzinfo=Europe/Minsk, date_start.tzinfo=Europe/Minsk
🔍 FILTER: event_start=2025-11-28 17:00:00+03:00, date_start=2025-12-02 00:00:00+03:00, date_end=2025-12-02 23:59:59.999999+03:00
🔍 FILTER: event_start.tzinfo=Europe/Minsk, date_start.tzinfo=Europe/Minsk
🔍 FILTER: event_start=2025-11-29 15:00:00+03:00, date_start=2025-12-02 00:00:00+03:00, date_end=2025-12-02 23:59:59.999999+03:00
🔍 FILTER: event_start.tzinfo=Europe/Minsk, date_start.tzinfo=Europe/Minsk
🔍 FILTER: event_start=2025-11-29 16:00:00+03:00, date_start=2025-12-02 00:00:00+03:00, date_end=2025-12-02 23:59:59.999999+03:00
🔍 FILTER: event_start.tzinfo=Europe/Minsk, date_start.tzinfo=Europe/Minsk
🔍 FILTER: event_start=2025-12-01 10:30:00+03:00, date_start=2025-12-02 00:00:00+03:00, date_end=2025-12-02 23:59:59.999999+03:00
🔍 FILTER: event_start.tzinfo=Europe/Minsk, date_start.tzinfo=Europe/Minsk
🔍 FILTER: event_start=2025-12-01 13:00:00+03:00, date_start=2025-12-02 00:00:00+03:00, date_end=2025-12-02 23:59:59.999999+03:00
🔍 FILTER: event_start.tzinfo=Europe/Minsk, date_start.tzinfo=Europe/Minsk
🔍 FILTER: event_start=2025-12-01 14:00:00+03:00, date_start=2025-12-02 00:00:00+03:00, date_end=2025-12-02 23:59:59.999999+03:00
🔍 FILTER: event_start.tzinfo=Europe/Minsk, date_start.tzinfo=Europe/Minsk
🔍 FILTER: event_start=2025-12-01 14:45:00+03:00, date_start=2025-12-02 00:00:00+03:00, date_end=2025-12-02 23:59:59.999999+03:00
🔍 FILTER: event_start.tzinfo=Europe/Minsk, date_start.tzinfo=Europe/Minsk
🔍 FILTER: event_start=2025-12-01 15:45:00+03:00, date_start=2025-12-02 00:00:00+03:00, date_end=2025-12-02 23:59:59.999999+03:00
🔍 FILTER: event_start.tzinfo=Europe/Minsk, date_start.tzinfo=Europe/Minsk
🔍 FILTER: event_start=2025-12-02 14:00:00+03:00, date_start=2025-12-02 00:00:00+03:00, date_end=2025-12-02 23:59:59.999999+03:00
🔍 FILTER: event_start.tzinfo=Europe/Minsk, date_start.tzinfo=Europe/Minsk
🔍 FILTER: event_start=2025-12-02 15:00:00+03:00, date_start=2025-12-02 00:00:00+03:00, date_end=2025-12-02 23:59:59.999999+03:00
🔍 FILTER: event_start.tzinfo=Europe/Minsk, date_start.tzinfo=Europe/Minsk
🔍 FILTER: event_start=2025-12-02 17:15:00+03:00, date_start=2025-12-02 00:00:00+03:00, date_end=2025-12-02 23:59:59.999999+03:00
🔍 FILTER: event_start.tzinfo=Europe/Minsk, date_start.tzinfo=Europe/Minsk
📅 День Вт 02.12.2025: 3 встреч, слоты: 11.00-13.45, 16.00-17.00
🔍 FILTER: event_start=2025-11-28 03:00:00+03:00, date_start=2025-12-03 00:00:00+03:00, date_end=2025-12-03 23:59:59.999999+03:00
🔍 FILTER: event_start.tzinfo=Europe/Minsk, date_start.tzinfo=Europe/Minsk
🔍 FILTER: event_start=2025-11-28 02:00:00+03:00, date_start=2025-12-03 00:00:00+03:00, date_end=2025-12-03 23:59:59.999999+03:00
🔍 FILTER: event_start.tzinfo=Europe/Minsk, date_start.tzinfo=Europe/Minsk
🔍 FILTER: event_start=2025-11-28 17:00:00+03:00, date_start=2025-12-03 00:00:00+03:00, date_end=2025-12-03 23:59:59.999999+03:00
🔍 FILTER: event_start.tzinfo=Europe/Minsk, date_start.tzinfo=Europe/Minsk
🔍 FILTER: event_start=2025-11-29 15:00:00+03:00, date_start=2025-12-03 00:00:00+03:00, date_end=2025-12-03 23:59:59.999999+03:00
🔍 FILTER: event_start.tzinfo=Europe/Minsk, date_start.tzinfo=Europe/Minsk
🔍 FILTER: event_start=2025-11-29 16:00:00+03:00, date_start=2025-12-03 00:00:00+03:00, date_end=2025-12-03 23:59:59.999999+03:00
🔍 FILTER: event_start.tzinfo=Europe/Minsk, date_start.tzinfo=Europe/Minsk
🔍 FILTER: event_start=2025-12-01 10:30:00+03:00, date_start=2025-12-03 00:00:00+03:00, date_end=2025-12-03 23:59:59.999999+03:00
🔍 FILTER: event_start.tzinfo=Europe/Minsk, date_start.tzinfo=Europe/Minsk
🔍 FILTER: event_start=2025-12-01 13:00:00+03:00, date_start=2025-12-03 00:00:00+03:00, date_end=2025-12-03 23:59:59.999999+03:00
🔍 FILTER: event_start.tzinfo=Europe/Minsk, date_start.tzinfo=Europe/Minsk
🔍 FILTER: event_start=2025-12-01 14:00:00+03:00, date_start=2025-12-03 00:00:00+03:00, date_end=2025-12-03 23:59:59.999999+03:00
🔍 FILTER: event_start.tzinfo=Europe/Minsk, date_start.tzinfo=Europe/Minsk
🔍 FILTER: event_start=2025-12-01 14:45:00+03:00, date_start=2025-12-03 00:00:00+03:00, date_end=2025-12-03 23:59:59.999999+03:00
🔍 FILTER: event_start.tzinfo=Europe/Minsk, date_start.tzinfo=Europe/Minsk
🔍 FILTER: event_start=2025-12-01 15:45:00+03:00, date_start=2025-12-03 00:00:00+03:00, date_end=2025-12-03 23:59:59.999999+03:00
🔍 FILTER: event_start.tzinfo=Europe/Minsk, date_start.tzinfo=Europe/Minsk
🔍 FILTER: event_start=2025-12-02 14:00:00+03:00, date_start=2025-12-03 00:00:00+03:00, date_end=2025-12-03 23:59:59.999999+03:00
🔍 FILTER: event_start.tzinfo=Europe/Minsk, date_start.tzinfo=Europe/Minsk
🔍 FILTER: event_start=2025-12-02 15:00:00+03:00, date_start=2025-12-03 00:00:00+03:00, date_end=2025-12-03 23:59:59.999999+03:00
🔍 FILTER: event_start.tzinfo=Europe/Minsk, date_start.tzinfo=Europe/Minsk
🔍 FILTER: event_start=2025-12-02 17:15:00+03:00, date_start=2025-12-03 00:00:00+03:00, date_end=2025-12-03 23:59:59.999999+03:00
🔍 FILTER: event_start.tzinfo=Europe/Minsk, date_start.tzinfo=Europe/Minsk
🔍 FILTER: event_start=2025-12-03 14:00:00+03:00, date_start=2025-12-03 00:00:00+03:00, date_end=2025-12-03 23:59:59.999999+03:00
🔍 FILTER: event_start.tzinfo=Europe/Minsk, date_start.tzinfo=Europe/Minsk
🔍 FILTER: event_start=2025-12-04 14:00:00+03:00, date_start=2025-12-03 00:00:00+03:00, date_end=2025-12-03 23:59:59.999999+03:00
🔍 FILTER: event_start.tzinfo=Europe/Minsk, date_start.tzinfo=Europe/Minsk
🔍 FILTER: event_start=2025-12-05 10:30:00+03:00, date_start=2025-12-03 00:00:00+03:00, date_end=2025-12-03 23:59:59.999999+03:00
🔍 FILTER: event_start.tzinfo=Europe/Minsk, date_start.tzinfo=Europe/Minsk
🔍 FILTER: event_start=2025-12-05 12:30:00+03:00, date_start=2025-12-03 00:00:00+03:00, date_end=2025-12-03 23:59:59.999999+03:00
🔍 FILTER: event_start.tzinfo=Europe/Minsk, date_start.tzinfo=Europe/Minsk
🔍 FILTER: event_start=2025-12-05 14:00:00+03:00, date_start=2025-12-03 00:00:00+03:00, date_end=2025-12-03 23:59:59.999999+03:00
🔍 FILTER: event_start.tzinfo=Europe/Minsk, date_start.tzinfo=Europe/Minsk
🔍 FILTER: event_start=2025-12-05 16:30:00+03:00, date_start=2025-12-03 00:00:00+03:00, date_end=2025-12-03 23:59:59.999999+03:00
🔍 FILTER: event_start.tzinfo=Europe/Minsk, date_start.tzinfo=Europe/Minsk
🔍 FILTER: event_start=2025-12-08 10:30:00+03:00, date_start=2025-12-03 00:00:00+03:00, date_end=2025-12-03 23:59:59.999999+03:00
🔍 FILTER: event_start.tzinfo=Europe/Minsk, date_start.tzinfo=Europe/Minsk
🔍 FILTER: event_start=2025-12-08 14:00:00+03:00, date_start=2025-12-03 00:00:00+03:00, date_end=2025-12-03 23:59:59.999999+03:00
🔍 FILTER: event_start.tzinfo=Europe/Minsk, date_start.tzinfo=Europe/Minsk
🔍 FILTER: event_start=2025-12-09 14:00:00+03:00, date_start=2025-12-03 00:00:00+03:00, date_end=2025-12-03 23:59:59.999999+03:00
🔍 FILTER: event_start.tzinfo=Europe/Minsk, date_start.tzinfo=Europe/Minsk
🔍 FILTER: event_start=2025-12-10 14:00:00+03:00, date_start=2025-12-03 00:00:00+03:00, date_end=2025-12-03 23:59:59.999999+03:00
🔍 FILTER: event_start.tzinfo=Europe/Minsk, date_start.tzinfo=Europe/Minsk
🔍 FILTER: event_start=2025-12-11 09:20:00+03:00, date_start=2025-12-03 00:00:00+03:00, date_end=2025-12-03 23:59:59.999999+03:00
🔍 FILTER: event_start.tzinfo=Europe/Minsk, date_start.tzinfo=Europe/Minsk
🔍 FILTER: event_start=2025-12-11 14:00:00+03:00, date_start=2025-12-03 00:00:00+03:00, date_end=2025-12-03 23:59:59.999999+03:00
🔍 FILTER: event_start.tzinfo=Europe/Minsk, date_start.tzinfo=Europe/Minsk
🔍 FILTER: event_start=2025-12-12 10:30:00+03:00, date_start=2025-12-03 00:00:00+03:00, date_end=2025-12-03 23:59:59.999999+03:00
🔍 FILTER: event_start.tzinfo=Europe/Minsk, date_start.tzinfo=Europe/Minsk
🔍 FILTER: event_start=2025-12-12 14:00:00+03:00, date_start=2025-12-03 00:00:00+03:00, date_end=2025-12-03 23:59:59.999999+03:00
🔍 FILTER: event_start.tzinfo=Europe/Minsk, date_start.tzinfo=Europe/Minsk
🔍 FILTER: event_start=2025-12-12 14:45:00+03:00, date_start=2025-12-03 00:00:00+03:00, date_end=2025-12-03 23:59:59.999999+03:00
🔍 FILTER: event_start.tzinfo=Europe/Minsk, date_start.tzinfo=Europe/Minsk
🔍 FILTER: event_start=2025-11-28 03:00:00+03:00, date_start=2025-12-03 00:00:00+03:00, date_end=2025-12-03 23:59:59.999999+03:00
🔍 FILTER: event_start.tzinfo=Europe/Minsk, date_start.tzinfo=Europe/Minsk
🔍 FILTER: event_start=2025-11-28 03:00:00+03:00, date_start=2025-12-03 00:00:00+03:00, date_end=2025-12-03 23:59:59.999999+03:00
🔍 FILTER: event_start.tzinfo=Europe/Minsk, date_start.tzinfo=Europe/Minsk
🔍 FILTER: event_start=2025-11-28 03:00:00+03:00, date_start=2025-12-03 00:00:00+03:00, date_end=2025-12-03 23:59:59.999999+03:00
🔍 FILTER: event_start.tzinfo=Europe/Minsk, date_start.tzinfo=Europe/Minsk
🔍 FILTER: event_start=2025-11-28 17:30:00+03:00, date_start=2025-12-03 00:00:00+03:00, date_end=2025-12-03 23:59:59.999999+03:00
🔍 FILTER: event_start.tzinfo=Europe/Minsk, date_start.tzinfo=Europe/Minsk
🔍 FILTER: event_start=2025-12-01 03:00:00+03:00, date_start=2025-12-03 00:00:00+03:00, date_end=2025-12-03 23:59:59.999999+03:00
🔍 FILTER: event_start.tzinfo=Europe/Minsk, date_start.tzinfo=Europe/Minsk
🔍 FILTER: event_start=2025-12-01 03:00:00+03:00, date_start=2025-12-03 00:00:00+03:00, date_end=2025-12-03 23:59:59.999999+03:00
🔍 FILTER: event_start.tzinfo=Europe/Minsk, date_start.tzinfo=Europe/Minsk
🔍 FILTER: event_start=2025-12-01 03:00:00+03:00, date_start=2025-12-03 00:00:00+03:00, date_end=2025-12-03 23:59:59.999999+03:00
🔍 FILTER: event_start.tzinfo=Europe/Minsk, date_start.tzinfo=Europe/Minsk
🔍 FILTER: event_start=2025-12-02 03:00:00+03:00, date_start=2025-12-03 00:00:00+03:00, date_end=2025-12-03 23:59:59.999999+03:00
🔍 FILTER: event_start.tzinfo=Europe/Minsk, date_start.tzinfo=Europe/Minsk
🔍 FILTER: event_start=2025-12-02 03:00:00+03:00, date_start=2025-12-03 00:00:00+03:00, date_end=2025-12-03 23:59:59.999999+03:00
🔍 FILTER: event_start.tzinfo=Europe/Minsk, date_start.tzinfo=Europe/Minsk
🔍 FILTER: event_start=2025-12-02 03:00:00+03:00, date_start=2025-12-03 00:00:00+03:00, date_end=2025-12-03 23:59:59.999999+03:00
🔍 FILTER: event_start.tzinfo=Europe/Minsk, date_start.tzinfo=Europe/Minsk
🔍 FILTER: event_start=2025-12-03 03:00:00+03:00, date_start=2025-12-03 00:00:00+03:00, date_end=2025-12-03 23:59:59.999999+03:00
🔍 FILTER: event_start.tzinfo=Europe/Minsk, date_start.tzinfo=Europe/Minsk
🔍 FILTER: event_start=2025-12-03 03:00:00+03:00, date_start=2025-12-03 00:00:00+03:00, date_end=2025-12-03 23:59:59.999999+03:00
🔍 FILTER: event_start.tzinfo=Europe/Minsk, date_start.tzinfo=Europe/Minsk
📅 День Ср 03.12.2025: 1 встреч, слоты: 11.00-13.45, 14.45-19.00
🔍 FILTER: event_start=2025-11-28 03:00:00+03:00, date_start=2025-12-04 00:00:00+03:00, date_end=2025-12-04 23:59:59.999999+03:00
🔍 FILTER: event_start.tzinfo=Europe/Minsk, date_start.tzinfo=Europe/Minsk
🔍 FILTER: event_start=2025-11-28 02:00:00+03:00, date_start=2025-12-04 00:00:00+03:00, date_end=2025-12-04 23:59:59.999999+03:00
🔍 FILTER: event_start.tzinfo=Europe/Minsk, date_start.tzinfo=Europe/Minsk
🔍 FILTER: event_start=2025-11-28 17:00:00+03:00, date_start=2025-12-04 00:00:00+03:00, date_end=2025-12-04 23:59:59.999999+03:00
🔍 FILTER: event_start.tzinfo=Europe/Minsk, date_start.tzinfo=Europe/Minsk
🔍 FILTER: event_start=2025-11-29 15:00:00+03:00, date_start=2025-12-04 00:00:00+03:00, date_end=2025-12-04 23:59:59.999999+03:00
🔍 FILTER: event_start.tzinfo=Europe/Minsk, date_start.tzinfo=Europe/Minsk
🔍 FILTER: event_start=2025-11-29 16:00:00+03:00, date_start=2025-12-04 00:00:00+03:00, date_end=2025-12-04 23:59:59.999999+03:00
🔍 FILTER: event_start.tzinfo=Europe/Minsk, date_start.tzinfo=Europe/Minsk
🔍 FILTER: event_start=2025-12-01 10:30:00+03:00, date_start=2025-12-04 00:00:00+03:00, date_end=2025-12-04 23:59:59.999999+03:00
🔍 FILTER: event_start.tzinfo=Europe/Minsk, date_start.tzinfo=Europe/Minsk
🔍 FILTER: event_start=2025-12-01 13:00:00+03:00, date_start=2025-12-04 00:00:00+03:00, date_end=2025-12-04 23:59:59.999999+03:00
🔍 FILTER: event_start.tzinfo=Europe/Minsk, date_start.tzinfo=Europe/Minsk
🔍 FILTER: event_start=2025-12-01 14:00:00+03:00, date_start=2025-12-04 00:00:00+03:00, date_end=2025-12-04 23:59:59.999999+03:00
🔍 FILTER: event_start.tzinfo=Europe/Minsk, date_start.tzinfo=Europe/Minsk
🔍 FILTER: event_start=2025-12-01 14:45:00+03:00, date_start=2025-12-04 00:00:00+03:00, date_end=2025-12-04 23:59:59.999999+03:00
🔍 FILTER: event_start.tzinfo=Europe/Minsk, date_start.tzinfo=Europe/Minsk
🔍 FILTER: event_start=2025-12-01 15:45:00+03:00, date_start=2025-12-04 00:00:00+03:00, date_end=2025-12-04 23:59:59.999999+03:00
🔍 FILTER: event_start.tzinfo=Europe/Minsk, date_start.tzinfo=Europe/Minsk
🔍 FILTER: event_start=2025-12-02 14:00:00+03:00, date_start=2025-12-04 00:00:00+03:00, date_end=2025-12-04 23:59:59.999999+03:00
🔍 FILTER: event_start.tzinfo=Europe/Minsk, date_start.tzinfo=Europe/Minsk
🔍 FILTER: event_start=2025-12-02 15:00:00+03:00, date_start=2025-12-04 00:00:00+03:00, date_end=2025-12-04 23:59:59.999999+03:00
🔍 FILTER: event_start.tzinfo=Europe/Minsk, date_start.tzinfo=Europe/Minsk
🔍 FILTER: event_start=2025-12-02 17:15:00+03:00, date_start=2025-12-04 00:00:00+03:00, date_end=2025-12-04 23:59:59.999999+03:00
🔍 FILTER: event_start.tzinfo=Europe/Minsk, date_start.tzinfo=Europe/Minsk
🔍 FILTER: event_start=2025-12-03 14:00:00+03:00, date_start=2025-12-04 00:00:00+03:00, date_end=2025-12-04 23:59:59.999999+03:00
🔍 FILTER: event_start.tzinfo=Europe/Minsk, date_start.tzinfo=Europe/Minsk
🔍 FILTER: event_start=2025-12-04 14:00:00+03:00, date_start=2025-12-04 00:00:00+03:00, date_end=2025-12-04 23:59:59.999999+03:00
🔍 FILTER: event_start.tzinfo=Europe/Minsk, date_start.tzinfo=Europe/Minsk
🔍 FILTER: event_start=2025-12-05 10:30:00+03:00, date_start=2025-12-04 00:00:00+03:00, date_end=2025-12-04 23:59:59.999999+03:00
🔍 FILTER: event_start.tzinfo=Europe/Minsk, date_start.tzinfo=Europe/Minsk
🔍 FILTER: event_start=2025-12-05 12:30:00+03:00, date_start=2025-12-04 00:00:00+03:00, date_end=2025-12-04 23:59:59.999999+03:00
🔍 FILTER: event_start.tzinfo=Europe/Minsk, date_start.tzinfo=Europe/Minsk
🔍 FILTER: event_start=2025-12-05 14:00:00+03:00, date_start=2025-12-04 00:00:00+03:00, date_end=2025-12-04 23:59:59.999999+03:00
🔍 FILTER: event_start.tzinfo=Europe/Minsk, date_start.tzinfo=Europe/Minsk
🔍 FILTER: event_start=2025-12-05 16:30:00+03:00, date_start=2025-12-04 00:00:00+03:00, date_end=2025-12-04 23:59:59.999999+03:00
🔍 FILTER: event_start.tzinfo=Europe/Minsk, date_start.tzinfo=Europe/Minsk
🔍 FILTER: event_start=2025-12-08 10:30:00+03:00, date_start=2025-12-04 00:00:00+03:00, date_end=2025-12-04 23:59:59.999999+03:00
🔍 FILTER: event_start.tzinfo=Europe/Minsk, date_start.tzinfo=Europe/Minsk
🔍 FILTER: event_start=2025-12-08 14:00:00+03:00, date_start=2025-12-04 00:00:00+03:00, date_end=2025-12-04 23:59:59.999999+03:00
🔍 FILTER: event_start.tzinfo=Europe/Minsk, date_start.tzinfo=Europe/Minsk
🔍 FILTER: event_start=2025-12-09 14:00:00+03:00, date_start=2025-12-04 00:00:00+03:00, date_end=2025-12-04 23:59:59.999999+03:00
🔍 FILTER: event_start.tzinfo=Europe/Minsk, date_start.tzinfo=Europe/Minsk
🔍 FILTER: event_start=2025-12-10 14:00:00+03:00, date_start=2025-12-04 00:00:00+03:00, date_end=2025-12-04 23:59:59.999999+03:00
🔍 FILTER: event_start.tzinfo=Europe/Minsk, date_start.tzinfo=Europe/Minsk
🔍 FILTER: event_start=2025-12-11 09:20:00+03:00, date_start=2025-12-04 00:00:00+03:00, date_end=2025-12-04 23:59:59.999999+03:00
🔍 FILTER: event_start.tzinfo=Europe/Minsk, date_start.tzinfo=Europe/Minsk
🔍 FILTER: event_start=2025-12-11 14:00:00+03:00, date_start=2025-12-04 00:00:00+03:00, date_end=2025-12-04 23:59:59.999999+03:00
🔍 FILTER: event_start.tzinfo=Europe/Minsk, date_start.tzinfo=Europe/Minsk
🔍 FILTER: event_start=2025-12-12 10:30:00+03:00, date_start=2025-12-04 00:00:00+03:00, date_end=2025-12-04 23:59:59.999999+03:00
🔍 FILTER: event_start.tzinfo=Europe/Minsk, date_start.tzinfo=Europe/Minsk
🔍 FILTER: event_start=2025-12-12 14:00:00+03:00, date_start=2025-12-04 00:00:00+03:00, date_end=2025-12-04 23:59:59.999999+03:00
🔍 FILTER: event_start.tzinfo=Europe/Minsk, date_start.tzinfo=Europe/Minsk
🔍 FILTER: event_start=2025-12-12 14:45:00+03:00, date_start=2025-12-04 00:00:00+03:00, date_end=2025-12-04 23:59:59.999999+03:00
🔍 FILTER: event_start.tzinfo=Europe/Minsk, date_start.tzinfo=Europe/Minsk
🔍 FILTER: event_start=2025-11-28 03:00:00+03:00, date_start=2025-12-04 00:00:00+03:00, date_end=2025-12-04 23:59:59.999999+03:00
🔍 FILTER: event_start.tzinfo=Europe/Minsk, date_start.tzinfo=Europe/Minsk
🔍 FILTER: event_start=2025-11-28 03:00:00+03:00, date_start=2025-12-04 00:00:00+03:00, date_end=2025-12-04 23:59:59.999999+03:00
🔍 FILTER: event_start.tzinfo=Europe/Minsk, date_start.tzinfo=Europe/Minsk
🔍 FILTER: event_start=2025-11-28 03:00:00+03:00, date_start=2025-12-04 00:00:00+03:00, date_end=2025-12-04 23:59:59.999999+03:00
🔍 FILTER: event_start.tzinfo=Europe/Minsk, date_start.tzinfo=Europe/Minsk
🔍 FILTER: event_start=2025-11-28 17:30:00+03:00, date_start=2025-12-04 00:00:00+03:00, date_end=2025-12-04 23:59:59.999999+03:00
🔍 FILTER: event_start.tzinfo=Europe/Minsk, date_start.tzinfo=Europe/Minsk
🔍 FILTER: event_start=2025-12-01 03:00:00+03:00, date_start=2025-12-04 00:00:00+03:00, date_end=2025-12-04 23:59:59.999999+03:00
🔍 FILTER: event_start.tzinfo=Europe/Minsk, date_start.tzinfo=Europe/Minsk
🔍 FILTER: event_start=2025-12-01 03:00:00+03:00, date_start=2025-12-04 00:00:00+03:00, date_end=2025-12-04 23:59:59.999999+03:00
🔍 FILTER: event_start.tzinfo=Europe/Minsk, date_start.tzinfo=Europe/Minsk
🔍 FILTER: event_start=2025-12-01 03:00:00+03:00, date_start=2025-12-04 00:00:00+03:00, date_end=2025-12-04 23:59:59.999999+03:00
🔍 FILTER: event_start.tzinfo=Europe/Minsk, date_start.tzinfo=Europe/Minsk
🔍 FILTER: event_start=2025-12-02 03:00:00+03:00, date_start=2025-12-04 00:00:00+03:00, date_end=2025-12-04 23:59:59.999999+03:00
🔍 FILTER: event_start.tzinfo=Europe/Minsk, date_start.tzinfo=Europe/Minsk
🔍 FILTER: event_start=2025-12-02 03:00:00+03:00, date_start=2025-12-04 00:00:00+03:00, date_end=2025-12-04 23:59:59.999999+03:00
🔍 FILTER: event_start.tzinfo=Europe/Minsk, date_start.tzinfo=Europe/Minsk
🔍 FILTER: event_start=2025-12-02 03:00:00+03:00, date_start=2025-12-04 00:00:00+03:00, date_end=2025-12-04 23:59:59.999999+03:00
🔍 FILTER: event_start.tzinfo=Europe/Minsk, date_start.tzinfo=Europe/Minsk
🔍 FILTER: event_start=2025-12-03 03:00:00+03:00, date_start=2025-12-04 00:00:00+03:00, date_end=2025-12-04 23:59:59.999999+03:00
🔍 FILTER: event_start.tzinfo=Europe/Minsk, date_start.tzinfo=Europe/Minsk
🔍 FILTER: event_start=2025-12-03 03:00:00+03:00, date_start=2025-12-04 00:00:00+03:00, date_end=2025-12-04 23:59:59.999999+03:00
🔍 FILTER: event_start.tzinfo=Europe/Minsk, date_start.tzinfo=Europe/Minsk
🔍 FILTER: event_start=2025-12-03 03:00:00+03:00, date_start=2025-12-04 00:00:00+03:00, date_end=2025-12-04 23:59:59.999999+03:00
🔍 FILTER: event_start.tzinfo=Europe/Minsk, date_start.tzinfo=Europe/Minsk
🔍 FILTER: event_start=2025-12-04 03:00:00+03:00, date_start=2025-12-04 00:00:00+03:00, date_end=2025-12-04 23:59:59.999999+03:00
🔍 FILTER: event_start.tzinfo=Europe/Minsk, date_start.tzinfo=Europe/Minsk
🔍 FILTER: event_start=2025-12-04 03:00:00+03:00, date_start=2025-12-04 00:00:00+03:00, date_end=2025-12-04 23:59:59.999999+03:00
🔍 FILTER: event_start.tzinfo=Europe/Minsk, date_start.tzinfo=Europe/Minsk
📅 День Чт 04.12.2025: 1 встреч, слоты: 11.00-13.45, 14.45-19.00
🔍 FILTER: event_start=2025-11-28 03:00:00+03:00, date_start=2025-12-05 00:00:00+03:00, date_end=2025-12-05 23:59:59.999999+03:00
🔍 FILTER: event_start.tzinfo=Europe/Minsk, date_start.tzinfo=Europe/Minsk
🔍 FILTER: event_start=2025-11-28 02:00:00+03:00, date_start=2025-12-05 00:00:00+03:00, date_end=2025-12-05 23:59:59.999999+03:00
🔍 FILTER: event_start.tzinfo=Europe/Minsk, date_start.tzinfo=Europe/Minsk
🔍 FILTER: event_start=2025-11-28 17:00:00+03:00, date_start=2025-12-05 00:00:00+03:00, date_end=2025-12-05 23:59:59.999999+03:00
🔍 FILTER: event_start.tzinfo=Europe/Minsk, date_start.tzinfo=Europe/Minsk
🔍 FILTER: event_start=2025-11-29 15:00:00+03:00, date_start=2025-12-05 00:00:00+03:00, date_end=2025-12-05 23:59:59.999999+03:00
🔍 FILTER: event_start.tzinfo=Europe/Minsk, date_start.tzinfo=Europe/Minsk
🔍 FILTER: event_start=2025-11-29 16:00:00+03:00, date_start=2025-12-05 00:00:00+03:00, date_end=2025-12-05 23:59:59.999999+03:00
🔍 FILTER: event_start.tzinfo=Europe/Minsk, date_start.tzinfo=Europe/Minsk
🔍 FILTER: event_start=2025-12-01 10:30:00+03:00, date_start=2025-12-05 00:00:00+03:00, date_end=2025-12-05 23:59:59.999999+03:00
🔍 FILTER: event_start.tzinfo=Europe/Minsk, date_start.tzinfo=Europe/Minsk
🔍 FILTER: event_start=2025-12-01 13:00:00+03:00, date_start=2025-12-05 00:00:00+03:00, date_end=2025-12-05 23:59:59.999999+03:00
🔍 FILTER: event_start.tzinfo=Europe/Minsk, date_start.tzinfo=Europe/Minsk
🔍 FILTER: event_start=2025-12-01 14:00:00+03:00, date_start=2025-12-05 00:00:00+03:00, date_end=2025-12-05 23:59:59.999999+03:00
🔍 FILTER: event_start.tzinfo=Europe/Minsk, date_start.tzinfo=Europe/Minsk
🔍 FILTER: event_start=2025-12-01 14:45:00+03:00, date_start=2025-12-05 00:00:00+03:00, date_end=2025-12-05 23:59:59.999999+03:00
🔍 FILTER: event_start.tzinfo=Europe/Minsk, date_start.tzinfo=Europe/Minsk
🔍 FILTER: event_start=2025-12-01 15:45:00+03:00, date_start=2025-12-05 00:00:00+03:00, date_end=2025-12-05 23:59:59.999999+03:00
🔍 FILTER: event_start.tzinfo=Europe/Minsk, date_start.tzinfo=Europe/Minsk
🔍 FILTER: event_start=2025-12-02 14:00:00+03:00, date_start=2025-12-05 00:00:00+03:00, date_end=2025-12-05 23:59:59.999999+03:00
🔍 FILTER: event_start.tzinfo=Europe/Minsk, date_start.tzinfo=Europe/Minsk
🔍 FILTER: event_start=2025-12-02 15:00:00+03:00, date_start=2025-12-05 00:00:00+03:00, date_end=2025-12-05 23:59:59.999999+03:00
🔍 FILTER: event_start.tzinfo=Europe/Minsk, date_start.tzinfo=Europe/Minsk
🔍 FILTER: event_start=2025-12-02 17:15:00+03:00, date_start=2025-12-05 00:00:00+03:00, date_end=2025-12-05 23:59:59.999999+03:00
🔍 FILTER: event_start.tzinfo=Europe/Minsk, date_start.tzinfo=Europe/Minsk
🔍 FILTER: event_start=2025-12-03 14:00:00+03:00, date_start=2025-12-05 00:00:00+03:00, date_end=2025-12-05 23:59:59.999999+03:00
🔍 FILTER: event_start.tzinfo=Europe/Minsk, date_start.tzinfo=Europe/Minsk
🔍 FILTER: event_start=2025-12-04 14:00:00+03:00, date_start=2025-12-05 00:00:00+03:00, date_end=2025-12-05 23:59:59.999999+03:00
🔍 FILTER: event_start.tzinfo=Europe/Minsk, date_start.tzinfo=Europe/Minsk
🔍 FILTER: event_start=2025-12-05 10:30:00+03:00, date_start=2025-12-05 00:00:00+03:00, date_end=2025-12-05 23:59:59.999999+03:00
🔍 FILTER: event_start.tzinfo=Europe/Minsk, date_start.tzinfo=Europe/Minsk
🔍 FILTER: event_start=2025-12-05 12:30:00+03:00, date_start=2025-12-05 00:00:00+03:00, date_end=2025-12-05 23:59:59.999999+03:00
🔍 FILTER: event_start.tzinfo=Europe/Minsk, date_start.tzinfo=Europe/Minsk
🔍 FILTER: event_start=2025-12-05 14:00:00+03:00, date_start=2025-12-05 00:00:00+03:00, date_end=2025-12-05 23:59:59.999999+03:00
🔍 FILTER: event_start.tzinfo=Europe/Minsk, date_start.tzinfo=Europe/Minsk
📅 День Пт 05.12.2025: 4 встреч, слоты: 11.15-12.15, 14.45-16.15, 18.15-19.00
📅 Итого дней со слотами в неделе: 5
📅 СЛОТЫ СКРИНИНГОВ: Рассчитано 6 дней со слотами
📅 СЛОТЫ ИНТЕРВЬЮ: Начинаем поиск доступных слотов
📅 СЛОТЫ ИНТЕРВЬЮ: Базовые события от пользователя и компании: 52
📅 СЛОТЫ ИНТЕРВЬЮ: Из них событий календаря компании: 24
📅 СЛОТЫ ИНТЕРВЬЮ: Найдено 2 обязательных интервьюеров
🔍 EXTRACT_CALENDAR_ID: Извлечен из src: 'alena.koipash@softnetix.io' (исходный: 'alena.koipash@softnetix.io')
📅 СЛОТЫ ИНТЕРВЬЮ: Интервьюер alena.koipash@softnetix.io - извлечен calendar_id из ссылки: alena.koipash@softnetix.io
📅 СЛОТЫ ИНТЕРВЬЮ: Загружаем события для alena.koipash@softnetix.io, calendar_id=alena.koipash@softnetix.io
💾 Сохранены события календаря в кэш: 22 событий
📅 СЛОТЫ ИНТЕРВЬЮ: Получено 22 событий от alena.koipash@softnetix.io
📅 СОБЫТИЕ ИНТЕРВЬЮЕРА [alena.koipash@softnetix.io]: 'DevOps Tech Interview | Dediulia Anton'
   👤 Организатор: andrei.golubenko@softnetix.io
📅 СОБЫТИЕ ИНТЕРВЬЮЕРА [alena.koipash@softnetix.io]: 'Recruitment Meeting'
   👤 Организатор: alena.koipash@softnetix.io
📅 СОБЫТИЕ ИНТЕРВЬЮЕРА [alena.koipash@softnetix.io]: 'Без названия'
📅 СОБЫТИЕ ИНТЕРВЬЮЕРА [alena.koipash@softnetix.io]: 'Без названия'
📅 СОБЫТИЕ ИНТЕРВЬЮЕРА [alena.koipash@softnetix.io]: 'Design Interview with Anton'
   👤 Организатор: andrey.chernomordin@softnetix.io
📅 СОБЫТИЕ ИНТЕРВЬЮЕРА [alena.koipash@softnetix.io]: 'BackI Interview with Vladimir'
   👤 Организатор: andrey.chernomordin@softnetix.io
📅 СОБЫТИЕ ИНТЕРВЬЮЕРА [alena.koipash@softnetix.io]: 'Design Screening with Nikolay'
   👤 Организатор: andrey.chernomordin@softnetix.io
📅 СОБЫТИЕ ИНТЕРВЬЮЕРА [alena.koipash@softnetix.io]: 'Без названия'
📅 СОБЫТИЕ ИНТЕРВЬЮЕРА [alena.koipash@softnetix.io]: 'Busy'
   👤 Организатор: alena.koipash@softnetix.io
📅 СОБЫТИЕ ИНТЕРВЬЮЕРА [alena.koipash@softnetix.io]: 'DevOps Tech Interview | Гусев Андрей'
   👤 Организатор: andrei.golubenko@softnetix.io
📅 СОБЫТИЕ ИНТЕРВЬЮЕРА [alena.koipash@softnetix.io]: 'Без названия'
📅 СОБЫТИЕ ИНТЕРВЬЮЕРА [alena.koipash@softnetix.io]: 'Без названия'
📅 СОБЫТИЕ ИНТЕРВЬЮЕРА [alena.koipash@softnetix.io]: 'Recruitment Meeting'
   👤 Организатор: alena.koipash@softnetix.io
📅 СОБЫТИЕ ИНТЕРВЬЮЕРА [alena.koipash@softnetix.io]: 'PM Screening | Hatskevich Michael'
   👤 Организатор: andrei.golubenko@softnetix.io
📅 СОБЫТИЕ ИНТЕРВЬЮЕРА [alena.koipash@softnetix.io]: 'Без названия'
📅 СОБЫТИЕ ИНТЕРВЬЮЕРА [alena.koipash@softnetix.io]: 'DevOps Tech Interview | TKACHENKO MATVEI'
   👤 Организатор: andrei.golubenko@softnetix.io
📅 СОБЫТИЕ ИНТЕРВЬЮЕРА [alena.koipash@softnetix.io]: 'Recruitment Meeting'
   👤 Организатор: alena.koipash@softnetix.io
📅 СОБЫТИЕ ИНТЕРВЬЮЕРА [alena.koipash@softnetix.io]: 'Busy'
   👤 Организатор: alena.koipash@softnetix.io
📅 СОБЫТИЕ ИНТЕРВЬЮЕРА [alena.koipash@softnetix.io]: 'Без названия'
📅 СОБЫТИЕ ИНТЕРВЬЮЕРА [alena.koipash@softnetix.io]: 'Recruitment Meeting'
   👤 Организатор: alena.koipash@softnetix.io
📅 СОБЫТИЕ ИНТЕРВЬЮЕРА [alena.koipash@softnetix.io]: 'Без названия'
📅 СОБЫТИЕ ИНТЕРВЬЮЕРА [alena.koipash@softnetix.io]: 'Без названия'
📅 СЛОТЫ ИНТЕРВЬЮ: Обработано событий от alena.koipash@softnetix.io, теперь всего: 74
🔍 EXTRACT_CALENDAR_ID: Извлечен из src: 'pl@softnetix.io' (исходный: 'pl@softnetix.io')
📅 СЛОТЫ ИНТЕРВЬЮ: Интервьюер pl@softnetix.io - извлечен calendar_id из ссылки: pl@softnetix.io
📅 СЛОТЫ ИНТЕРВЬЮ: Загружаем события для pl@softnetix.io, calendar_id=pl@softnetix.io
💾 Сохранены события календаря в кэш: 7 событий
📅 СЛОТЫ ИНТЕРВЬЮ: Получено 7 событий от pl@softnetix.io
📅 СОБЫТИЕ ИНТЕРВЬЮЕРА [pl@softnetix.io]: ' 📢 Meetup: Typography in web and css'
   👤 Организатор: c_6neaou3phcsg46u40pjbf6bki8@group.calendar.google.com (Softnetix)
📅 СОБЫТИЕ ИНТЕРВЬЮЕРА [pl@softnetix.io]: 'Без названия'
📅 СОБЫТИЕ ИНТЕРВЬЮЕРА [pl@softnetix.io]: 'Без названия'
📅 СОБЫТИЕ ИНТЕРВЬЮЕРА [pl@softnetix.io]: 'CMS - Review | Retro | Planning'
   👤 Организатор: c_1114fb0da8b82b2e56b69137bfc370bacddd01090dec9ad11ae1e6ccc3f93956@group.calendar.google.com (CMS)
📅 СОБЫТИЕ ИНТЕРВЬЮЕРА [pl@softnetix.io]: 'PUI Skins - PBR'
   👤 Организатор: c_2a94afe2a28a8183db6eae8a4e288e62205fd30693d43ea5a5554cabe3175720@group.calendar.google.com (PUI)
📅 СОБЫТИЕ ИНТЕРВЬЮЕРА [pl@softnetix.io]: ' PUI Skins - Review | Retro | Planning'
   👤 Организатор: c_2a94afe2a28a8183db6eae8a4e288e62205fd30693d43ea5a5554cabe3175720@group.calendar.google.com (PUI)
📅 СОБЫТИЕ ИНТЕРВЬЮЕРА [pl@softnetix.io]: 'DS - Review | Retro | Planning'
   👤 Организатор: c_a44af6a1d283d62f3789ea1d6e6ef8b45760646ad7104715494c8ec74f766198@group.calendar.google.com (Design System)
📅 СЛОТЫ ИНТЕРВЬЮ: Обработано событий от pl@softnetix.io, теперь всего: 81
📅 СЛОТЫ ИНТЕРВЬЮ: Итого событий для расчета слотов: 81
📅 СЛОТЫ ИНТЕРВЬЮ: Из них: пользователь + компания = 52, интервьюеры = 29
📅 СЛОТЫ ИНТЕРВЬЮ: Использованные календари: пользователь + компания + alena.koipash@softnetix.io (alena.koipash@softnetix.io), pl@softnetix.io (pl@softnetix.io)
📅 СЛОТЫ ИНТЕРВЬЮ: Длительность встречи: 90 минут
⏭️ Пропускаем прошедший день: 24.11.2025
⏭️ Пропускаем прошедший день: 25.11.2025
⏭️ Пропускаем прошедший день: 26.11.2025
⏭️ Пропускаем прошедший день: 27.11.2025
🔍 FILTER: event_start=2025-11-28 03:00:00+03:00, date_start=2025-11-28 00:00:00+03:00, date_end=2025-11-28 23:59:59.999999+03:00
🔍 FILTER: event_start.tzinfo=Europe/Minsk, date_start.tzinfo=Europe/Minsk
🔍 FILTER: event_start=2025-11-28 02:00:00+03:00, date_start=2025-11-28 00:00:00+03:00, date_end=2025-11-28 23:59:59.999999+03:00
🔍 FILTER: event_start.tzinfo=Europe/Minsk, date_start.tzinfo=Europe/Minsk
🔍 FILTER: event_start=2025-11-28 17:00:00+03:00, date_start=2025-11-28 00:00:00+03:00, date_end=2025-11-28 23:59:59.999999+03:00
🔍 FILTER: event_start.tzinfo=Europe/Minsk, date_start.tzinfo=Europe/Minsk
📅 День Пт 28.11.2025: 5 встреч, слоты: Нет свободных слотов
📅 Итого дней со слотами в неделе: 1
🔍 FILTER: event_start=2025-11-28 03:00:00+03:00, date_start=2025-12-01 00:00:00+03:00, date_end=2025-12-01 23:59:59.999999+03:00
🔍 FILTER: event_start.tzinfo=Europe/Minsk, date_start.tzinfo=Europe/Minsk
🔍 FILTER: event_start=2025-11-28 02:00:00+03:00, date_start=2025-12-01 00:00:00+03:00, date_end=2025-12-01 23:59:59.999999+03:00
🔍 FILTER: event_start.tzinfo=Europe/Minsk, date_start.tzinfo=Europe/Minsk
🔍 FILTER: event_start=2025-11-28 17:00:00+03:00, date_start=2025-12-01 00:00:00+03:00, date_end=2025-12-01 23:59:59.999999+03:00
🔍 FILTER: event_start.tzinfo=Europe/Minsk, date_start.tzinfo=Europe/Minsk
🔍 FILTER: event_start=2025-11-29 15:00:00+03:00, date_start=2025-12-01 00:00:00+03:00, date_end=2025-12-01 23:59:59.999999+03:00
🔍 FILTER: event_start.tzinfo=Europe/Minsk, date_start.tzinfo=Europe/Minsk
🔍 FILTER: event_start=2025-11-29 16:00:00+03:00, date_start=2025-12-01 00:00:00+03:00, date_end=2025-12-01 23:59:59.999999+03:00
🔍 FILTER: event_start.tzinfo=Europe/Minsk, date_start.tzinfo=Europe/Minsk
🔍 FILTER: event_start=2025-12-01 10:30:00+03:00, date_start=2025-12-01 00:00:00+03:00, date_end=2025-12-01 23:59:59.999999+03:00
🔍 FILTER: event_start.tzinfo=Europe/Minsk, date_start.tzinfo=Europe/Minsk
🔍 FILTER: event_start=2025-12-01 13:00:00+03:00, date_start=2025-12-01 00:00:00+03:00, date_end=2025-12-01 23:59:59.999999+03:00
🔍 FILTER: event_start.tzinfo=Europe/Minsk, date_start.tzinfo=Europe/Minsk
🔍 FILTER: event_start=2025-12-01 14:00:00+03:00, date_start=2025-12-01 00:00:00+03:00, date_end=2025-12-01 23:59:59.999999+03:00
🔍 FILTER: event_start.tzinfo=Europe/Minsk, date_start.tzinfo=Europe/Minsk
📅 День Пн 01.12.2025: 13 встреч, слоты: 17.15-19.00
🔍 FILTER: event_start=2025-11-28 03:00:00+03:00, date_start=2025-12-02 00:00:00+03:00, date_end=2025-12-02 23:59:59.999999+03:00
🔍 FILTER: event_start.tzinfo=Europe/Minsk, date_start.tzinfo=Europe/Minsk
🔍 FILTER: event_start=2025-11-28 02:00:00+03:00, date_start=2025-12-02 00:00:00+03:00, date_end=2025-12-02 23:59:59.999999+03:00
🔍 FILTER: event_start.tzinfo=Europe/Minsk, date_start.tzinfo=Europe/Minsk
🔍 FILTER: event_start=2025-11-28 17:00:00+03:00, date_start=2025-12-02 00:00:00+03:00, date_end=2025-12-02 23:59:59.999999+03:00
🔍 FILTER: event_start.tzinfo=Europe/Minsk, date_start.tzinfo=Europe/Minsk
🔍 FILTER: event_start=2025-11-29 15:00:00+03:00, date_start=2025-12-02 00:00:00+03:00, date_end=2025-12-02 23:59:59.999999+03:00
🔍 FILTER: event_start.tzinfo=Europe/Minsk, date_start.tzinfo=Europe/Minsk
🔍 FILTER: event_start=2025-11-29 16:00:00+03:00, date_start=2025-12-02 00:00:00+03:00, date_end=2025-12-02 23:59:59.999999+03:00
🔍 FILTER: event_start.tzinfo=Europe/Minsk, date_start.tzinfo=Europe/Minsk
🔍 FILTER: event_start=2025-12-01 10:30:00+03:00, date_start=2025-12-02 00:00:00+03:00, date_end=2025-12-02 23:59:59.999999+03:00
🔍 FILTER: event_start.tzinfo=Europe/Minsk, date_start.tzinfo=Europe/Minsk
🔍 FILTER: event_start=2025-12-01 13:00:00+03:00, date_start=2025-12-02 00:00:00+03:00, date_end=2025-12-02 23:59:59.999999+03:00
🔍 FILTER: event_start.tzinfo=Europe/Minsk, date_start.tzinfo=Europe/Minsk
🔍 FILTER: event_start=2025-12-01 14:00:00+03:00, date_start=2025-12-02 00:00:00+03:00, date_end=2025-12-02 23:59:59.999999+03:00
🔍 FILTER: event_start.tzinfo=Europe/Minsk, date_start.tzinfo=Europe/Minsk
🔍 FILTER: event_start=2025-12-01 14:45:00+03:00, date_start=2025-12-02 00:00:00+03:00, date_end=2025-12-02 23:59:59.999999+03:00
🔍 FILTER: event_start.tzinfo=Europe/Minsk, date_start.tzinfo=Europe/Minsk
🔍 FILTER: event_start=2025-12-01 15:45:00+03:00, date_start=2025-12-02 00:00:00+03:00, date_end=2025-12-02 23:59:59.999999+03:00
🔍 FILTER: event_start.tzinfo=Europe/Minsk, date_start.tzinfo=Europe/Minsk
🔍 FILTER: event_start=2025-12-02 14:00:00+03:00, date_start=2025-12-02 00:00:00+03:00, date_end=2025-12-02 23:59:59.999999+03:00
🔍 FILTER: event_start.tzinfo=Europe/Minsk, date_start.tzinfo=Europe/Minsk
🔍 FILTER: event_start=2025-12-02 15:00:00+03:00, date_start=2025-12-02 00:00:00+03:00, date_end=2025-12-02 23:59:59.999999+03:00
🔍 FILTER: event_start.tzinfo=Europe/Minsk, date_start.tzinfo=Europe/Minsk
🔍 FILTER: event_start=2025-12-02 17:15:00+03:00, date_start=2025-12-02 00:00:00+03:00, date_end=2025-12-02 23:59:59.999999+03:00
🔍 FILTER: event_start.tzinfo=Europe/Minsk, date_start.tzinfo=Europe/Minsk
📅 День Вт 02.12.2025: 6 встреч, слоты: 12.15-13.45
🔍 FILTER: event_start=2025-11-28 03:00:00+03:00, date_start=2025-12-03 00:00:00+03:00, date_end=2025-12-03 23:59:59.999999+03:00
🔍 FILTER: event_start.tzinfo=Europe/Minsk, date_start.tzinfo=Europe/Minsk
🔍 FILTER: event_start=2025-11-28 02:00:00+03:00, date_start=2025-12-03 00:00:00+03:00, date_end=2025-12-03 23:59:59.999999+03:00
🔍 FILTER: event_start.tzinfo=Europe/Minsk, date_start.tzinfo=Europe/Minsk
🔍 FILTER: event_start=2025-11-28 17:00:00+03:00, date_start=2025-12-03 00:00:00+03:00, date_end=2025-12-03 23:59:59.999999+03:00
🔍 FILTER: event_start.tzinfo=Europe/Minsk, date_start.tzinfo=Europe/Minsk
🔍 FILTER: event_start=2025-11-29 15:00:00+03:00, date_start=2025-12-03 00:00:00+03:00, date_end=2025-12-03 23:59:59.999999+03:00
🔍 FILTER: event_start.tzinfo=Europe/Minsk, date_start.tzinfo=Europe/Minsk
🔍 FILTER: event_start=2025-11-29 16:00:00+03:00, date_start=2025-12-03 00:00:00+03:00, date_end=2025-12-03 23:59:59.999999+03:00
🔍 FILTER: event_start.tzinfo=Europe/Minsk, date_start.tzinfo=Europe/Minsk
🔍 FILTER: event_start=2025-12-01 10:30:00+03:00, date_start=2025-12-03 00:00:00+03:00, date_end=2025-12-03 23:59:59.999999+03:00
🔍 FILTER: event_start.tzinfo=Europe/Minsk, date_start.tzinfo=Europe/Minsk
🔍 FILTER: event_start=2025-12-01 13:00:00+03:00, date_start=2025-12-03 00:00:00+03:00, date_end=2025-12-03 23:59:59.999999+03:00
🔍 FILTER: event_start.tzinfo=Europe/Minsk, date_start.tzinfo=Europe/Minsk
🔍 FILTER: event_start=2025-12-01 14:00:00+03:00, date_start=2025-12-03 00:00:00+03:00, date_end=2025-12-03 23:59:59.999999+03:00
🔍 FILTER: event_start.tzinfo=Europe/Minsk, date_start.tzinfo=Europe/Minsk
🔍 FILTER: event_start=2025-12-01 14:45:00+03:00, date_start=2025-12-03 00:00:00+03:00, date_end=2025-12-03 23:59:59.999999+03:00
🔍 FILTER: event_start.tzinfo=Europe/Minsk, date_start.tzinfo=Europe/Minsk
🔍 FILTER: event_start=2025-12-01 15:45:00+03:00, date_start=2025-12-03 00:00:00+03:00, date_end=2025-12-03 23:59:59.999999+03:00
🔍 FILTER: event_start.tzinfo=Europe/Minsk, date_start.tzinfo=Europe/Minsk
🔍 FILTER: event_start=2025-12-02 14:00:00+03:00, date_start=2025-12-03 00:00:00+03:00, date_end=2025-12-03 23:59:59.999999+03:00
🔍 FILTER: event_start.tzinfo=Europe/Minsk, date_start.tzinfo=Europe/Minsk
🔍 FILTER: event_start=2025-12-02 15:00:00+03:00, date_start=2025-12-03 00:00:00+03:00, date_end=2025-12-03 23:59:59.999999+03:00
🔍 FILTER: event_start.tzinfo=Europe/Minsk, date_start.tzinfo=Europe/Minsk
🔍 FILTER: event_start=2025-12-02 17:15:00+03:00, date_start=2025-12-03 00:00:00+03:00, date_end=2025-12-03 23:59:59.999999+03:00
🔍 FILTER: event_start.tzinfo=Europe/Minsk, date_start.tzinfo=Europe/Minsk
🔍 FILTER: event_start=2025-12-03 14:00:00+03:00, date_start=2025-12-03 00:00:00+03:00, date_end=2025-12-03 23:59:59.999999+03:00
🔍 FILTER: event_start.tzinfo=Europe/Minsk, date_start.tzinfo=Europe/Minsk
🔍 FILTER: event_start=2025-12-04 14:00:00+03:00, date_start=2025-12-03 00:00:00+03:00, date_end=2025-12-03 23:59:59.999999+03:00
🔍 FILTER: event_start.tzinfo=Europe/Minsk, date_start.tzinfo=Europe/Minsk
🔍 FILTER: event_start=2025-12-05 10:30:00+03:00, date_start=2025-12-03 00:00:00+03:00, date_end=2025-12-03 23:59:59.999999+03:00
🔍 FILTER: event_start.tzinfo=Europe/Minsk, date_start.tzinfo=Europe/Minsk
🔍 FILTER: event_start=2025-12-05 12:30:00+03:00, date_start=2025-12-03 00:00:00+03:00, date_end=2025-12-03 23:59:59.999999+03:00
🔍 FILTER: event_start.tzinfo=Europe/Minsk, date_start.tzinfo=Europe/Minsk
🔍 FILTER: event_start=2025-12-05 14:00:00+03:00, date_start=2025-12-03 00:00:00+03:00, date_end=2025-12-03 23:59:59.999999+03:00
🔍 FILTER: event_start.tzinfo=Europe/Minsk, date_start.tzinfo=Europe/Minsk
🔍 FILTER: event_start=2025-12-05 16:30:00+03:00, date_start=2025-12-03 00:00:00+03:00, date_end=2025-12-03 23:59:59.999999+03:00
🔍 FILTER: event_start.tzinfo=Europe/Minsk, date_start.tzinfo=Europe/Minsk
🔍 FILTER: event_start=2025-12-08 10:30:00+03:00, date_start=2025-12-03 00:00:00+03:00, date_end=2025-12-03 23:59:59.999999+03:00
🔍 FILTER: event_start.tzinfo=Europe/Minsk, date_start.tzinfo=Europe/Minsk
🔍 FILTER: event_start=2025-12-08 14:00:00+03:00, date_start=2025-12-03 00:00:00+03:00, date_end=2025-12-03 23:59:59.999999+03:00
🔍 FILTER: event_start.tzinfo=Europe/Minsk, date_start.tzinfo=Europe/Minsk
🔍 FILTER: event_start=2025-12-09 14:00:00+03:00, date_start=2025-12-03 00:00:00+03:00, date_end=2025-12-03 23:59:59.999999+03:00
🔍 FILTER: event_start.tzinfo=Europe/Minsk, date_start.tzinfo=Europe/Minsk
🔍 FILTER: event_start=2025-12-10 14:00:00+03:00, date_start=2025-12-03 00:00:00+03:00, date_end=2025-12-03 23:59:59.999999+03:00
🔍 FILTER: event_start.tzinfo=Europe/Minsk, date_start.tzinfo=Europe/Minsk
🔍 FILTER: event_start=2025-12-11 09:20:00+03:00, date_start=2025-12-03 00:00:00+03:00, date_end=2025-12-03 23:59:59.999999+03:00
🔍 FILTER: event_start.tzinfo=Europe/Minsk, date_start.tzinfo=Europe/Minsk
🔍 FILTER: event_start=2025-12-11 14:00:00+03:00, date_start=2025-12-03 00:00:00+03:00, date_end=2025-12-03 23:59:59.999999+03:00
🔍 FILTER: event_start.tzinfo=Europe/Minsk, date_start.tzinfo=Europe/Minsk
🔍 FILTER: event_start=2025-12-12 10:30:00+03:00, date_start=2025-12-03 00:00:00+03:00, date_end=2025-12-03 23:59:59.999999+03:00
🔍 FILTER: event_start.tzinfo=Europe/Minsk, date_start.tzinfo=Europe/Minsk
🔍 FILTER: event_start=2025-12-12 14:00:00+03:00, date_start=2025-12-03 00:00:00+03:00, date_end=2025-12-03 23:59:59.999999+03:00
🔍 FILTER: event_start.tzinfo=Europe/Minsk, date_start.tzinfo=Europe/Minsk
🔍 FILTER: event_start=2025-12-12 14:45:00+03:00, date_start=2025-12-03 00:00:00+03:00, date_end=2025-12-03 23:59:59.999999+03:00
🔍 FILTER: event_start.tzinfo=Europe/Minsk, date_start.tzinfo=Europe/Minsk
🔍 FILTER: event_start=2025-11-28 03:00:00+03:00, date_start=2025-12-03 00:00:00+03:00, date_end=2025-12-03 23:59:59.999999+03:00
🔍 FILTER: event_start.tzinfo=Europe/Minsk, date_start.tzinfo=Europe/Minsk
🔍 FILTER: event_start=2025-11-28 03:00:00+03:00, date_start=2025-12-03 00:00:00+03:00, date_end=2025-12-03 23:59:59.999999+03:00
🔍 FILTER: event_start.tzinfo=Europe/Minsk, date_start.tzinfo=Europe/Minsk
🔍 FILTER: event_start=2025-11-28 03:00:00+03:00, date_start=2025-12-03 00:00:00+03:00, date_end=2025-12-03 23:59:59.999999+03:00
🔍 FILTER: event_start.tzinfo=Europe/Minsk, date_start.tzinfo=Europe/Minsk
🔍 FILTER: event_start=2025-11-28 17:30:00+03:00, date_start=2025-12-03 00:00:00+03:00, date_end=2025-12-03 23:59:59.999999+03:00
🔍 FILTER: event_start.tzinfo=Europe/Minsk, date_start.tzinfo=Europe/Minsk
🔍 FILTER: event_start=2025-12-01 03:00:00+03:00, date_start=2025-12-03 00:00:00+03:00, date_end=2025-12-03 23:59:59.999999+03:00
🔍 FILTER: event_start.tzinfo=Europe/Minsk, date_start.tzinfo=Europe/Minsk
🔍 FILTER: event_start=2025-12-01 03:00:00+03:00, date_start=2025-12-03 00:00:00+03:00, date_end=2025-12-03 23:59:59.999999+03:00
🔍 FILTER: event_start.tzinfo=Europe/Minsk, date_start.tzinfo=Europe/Minsk
🔍 FILTER: event_start=2025-12-01 03:00:00+03:00, date_start=2025-12-03 00:00:00+03:00, date_end=2025-12-03 23:59:59.999999+03:00
🔍 FILTER: event_start.tzinfo=Europe/Minsk, date_start.tzinfo=Europe/Minsk
🔍 FILTER: event_start=2025-12-02 03:00:00+03:00, date_start=2025-12-03 00:00:00+03:00, date_end=2025-12-03 23:59:59.999999+03:00
🔍 FILTER: event_start.tzinfo=Europe/Minsk, date_start.tzinfo=Europe/Minsk
🔍 FILTER: event_start=2025-12-02 03:00:00+03:00, date_start=2025-12-03 00:00:00+03:00, date_end=2025-12-03 23:59:59.999999+03:00
🔍 FILTER: event_start.tzinfo=Europe/Minsk, date_start.tzinfo=Europe/Minsk
🔍 FILTER: event_start=2025-12-02 03:00:00+03:00, date_start=2025-12-03 00:00:00+03:00, date_end=2025-12-03 23:59:59.999999+03:00
🔍 FILTER: event_start.tzinfo=Europe/Minsk, date_start.tzinfo=Europe/Minsk
🔍 FILTER: event_start=2025-12-03 03:00:00+03:00, date_start=2025-12-03 00:00:00+03:00, date_end=2025-12-03 23:59:59.999999+03:00
🔍 FILTER: event_start.tzinfo=Europe/Minsk, date_start.tzinfo=Europe/Minsk
🔍 FILTER: event_start=2025-12-03 03:00:00+03:00, date_start=2025-12-03 00:00:00+03:00, date_end=2025-12-03 23:59:59.999999+03:00
🔍 FILTER: event_start.tzinfo=Europe/Minsk, date_start.tzinfo=Europe/Minsk
📅 День Ср 03.12.2025: 2 встреч, слоты: 11.00-13.45, 16.15-19.00
🔍 FILTER: event_start=2025-11-28 03:00:00+03:00, date_start=2025-12-04 00:00:00+03:00, date_end=2025-12-04 23:59:59.999999+03:00
🔍 FILTER: event_start.tzinfo=Europe/Minsk, date_start.tzinfo=Europe/Minsk
🔍 FILTER: event_start=2025-11-28 02:00:00+03:00, date_start=2025-12-04 00:00:00+03:00, date_end=2025-12-04 23:59:59.999999+03:00
🔍 FILTER: event_start.tzinfo=Europe/Minsk, date_start.tzinfo=Europe/Minsk
🔍 FILTER: event_start=2025-11-28 17:00:00+03:00, date_start=2025-12-04 00:00:00+03:00, date_end=2025-12-04 23:59:59.999999+03:00
🔍 FILTER: event_start.tzinfo=Europe/Minsk, date_start.tzinfo=Europe/Minsk
🔍 FILTER: event_start=2025-11-29 15:00:00+03:00, date_start=2025-12-04 00:00:00+03:00, date_end=2025-12-04 23:59:59.999999+03:00
🔍 FILTER: event_start.tzinfo=Europe/Minsk, date_start.tzinfo=Europe/Minsk
🔍 FILTER: event_start=2025-11-29 16:00:00+03:00, date_start=2025-12-04 00:00:00+03:00, date_end=2025-12-04 23:59:59.999999+03:00
🔍 FILTER: event_start.tzinfo=Europe/Minsk, date_start.tzinfo=Europe/Minsk
🔍 FILTER: event_start=2025-12-01 10:30:00+03:00, date_start=2025-12-04 00:00:00+03:00, date_end=2025-12-04 23:59:59.999999+03:00
🔍 FILTER: event_start.tzinfo=Europe/Minsk, date_start.tzinfo=Europe/Minsk
🔍 FILTER: event_start=2025-12-01 13:00:00+03:00, date_start=2025-12-04 00:00:00+03:00, date_end=2025-12-04 23:59:59.999999+03:00
🔍 FILTER: event_start.tzinfo=Europe/Minsk, date_start.tzinfo=Europe/Minsk
🔍 FILTER: event_start=2025-12-01 14:00:00+03:00, date_start=2025-12-04 00:00:00+03:00, date_end=2025-12-04 23:59:59.999999+03:00
🔍 FILTER: event_start.tzinfo=Europe/Minsk, date_start.tzinfo=Europe/Minsk
🔍 FILTER: event_start=2025-12-01 14:45:00+03:00, date_start=2025-12-04 00:00:00+03:00, date_end=2025-12-04 23:59:59.999999+03:00
🔍 FILTER: event_start.tzinfo=Europe/Minsk, date_start.tzinfo=Europe/Minsk
🔍 FILTER: event_start=2025-12-01 15:45:00+03:00, date_start=2025-12-04 00:00:00+03:00, date_end=2025-12-04 23:59:59.999999+03:00
🔍 FILTER: event_start.tzinfo=Europe/Minsk, date_start.tzinfo=Europe/Minsk
🔍 FILTER: event_start=2025-12-02 14:00:00+03:00, date_start=2025-12-04 00:00:00+03:00, date_end=2025-12-04 23:59:59.999999+03:00
🔍 FILTER: event_start.tzinfo=Europe/Minsk, date_start.tzinfo=Europe/Minsk
🔍 FILTER: event_start=2025-12-02 15:00:00+03:00, date_start=2025-12-04 00:00:00+03:00, date_end=2025-12-04 23:59:59.999999+03:00
🔍 FILTER: event_start.tzinfo=Europe/Minsk, date_start.tzinfo=Europe/Minsk
🔍 FILTER: event_start=2025-12-02 17:15:00+03:00, date_start=2025-12-04 00:00:00+03:00, date_end=2025-12-04 23:59:59.999999+03:00
🔍 FILTER: event_start.tzinfo=Europe/Minsk, date_start.tzinfo=Europe/Minsk
🔍 FILTER: event_start=2025-12-03 14:00:00+03:00, date_start=2025-12-04 00:00:00+03:00, date_end=2025-12-04 23:59:59.999999+03:00
🔍 FILTER: event_start.tzinfo=Europe/Minsk, date_start.tzinfo=Europe/Minsk
🔍 FILTER: event_start=2025-12-04 14:00:00+03:00, date_start=2025-12-04 00:00:00+03:00, date_end=2025-12-04 23:59:59.999999+03:00
🔍 FILTER: event_start.tzinfo=Europe/Minsk, date_start.tzinfo=Europe/Minsk
🔍 FILTER: event_start=2025-12-05 10:30:00+03:00, date_start=2025-12-04 00:00:00+03:00, date_end=2025-12-04 23:59:59.999999+03:00
🔍 FILTER: event_start.tzinfo=Europe/Minsk, date_start.tzinfo=Europe/Minsk
🔍 FILTER: event_start=2025-12-05 12:30:00+03:00, date_start=2025-12-04 00:00:00+03:00, date_end=2025-12-04 23:59:59.999999+03:00
🔍 FILTER: event_start.tzinfo=Europe/Minsk, date_start.tzinfo=Europe/Minsk
🔍 FILTER: event_start=2025-12-05 14:00:00+03:00, date_start=2025-12-04 00:00:00+03:00, date_end=2025-12-04 23:59:59.999999+03:00
🔍 FILTER: event_start.tzinfo=Europe/Minsk, date_start.tzinfo=Europe/Minsk
🔍 FILTER: event_start=2025-12-05 16:30:00+03:00, date_start=2025-12-04 00:00:00+03:00, date_end=2025-12-04 23:59:59.999999+03:00
🔍 FILTER: event_start.tzinfo=Europe/Minsk, date_start.tzinfo=Europe/Minsk
🔍 FILTER: event_start=2025-12-08 10:30:00+03:00, date_start=2025-12-04 00:00:00+03:00, date_end=2025-12-04 23:59:59.999999+03:00
🔍 FILTER: event_start.tzinfo=Europe/Minsk, date_start.tzinfo=Europe/Minsk
🔍 FILTER: event_start=2025-12-08 14:00:00+03:00, date_start=2025-12-04 00:00:00+03:00, date_end=2025-12-04 23:59:59.999999+03:00
🔍 FILTER: event_start.tzinfo=Europe/Minsk, date_start.tzinfo=Europe/Minsk
🔍 FILTER: event_start=2025-12-09 14:00:00+03:00, date_start=2025-12-04 00:00:00+03:00, date_end=2025-12-04 23:59:59.999999+03:00
🔍 FILTER: event_start.tzinfo=Europe/Minsk, date_start.tzinfo=Europe/Minsk
🔍 FILTER: event_start=2025-12-10 14:00:00+03:00, date_start=2025-12-04 00:00:00+03:00, date_end=2025-12-04 23:59:59.999999+03:00
🔍 FILTER: event_start.tzinfo=Europe/Minsk, date_start.tzinfo=Europe/Minsk
🔍 FILTER: event_start=2025-12-11 09:20:00+03:00, date_start=2025-12-04 00:00:00+03:00, date_end=2025-12-04 23:59:59.999999+03:00
🔍 FILTER: event_start.tzinfo=Europe/Minsk, date_start.tzinfo=Europe/Minsk
🔍 FILTER: event_start=2025-12-11 14:00:00+03:00, date_start=2025-12-04 00:00:00+03:00, date_end=2025-12-04 23:59:59.999999+03:00
🔍 FILTER: event_start.tzinfo=Europe/Minsk, date_start.tzinfo=Europe/Minsk
🔍 FILTER: event_start=2025-12-12 10:30:00+03:00, date_start=2025-12-04 00:00:00+03:00, date_end=2025-12-04 23:59:59.999999+03:00
🔍 FILTER: event_start.tzinfo=Europe/Minsk, date_start.tzinfo=Europe/Minsk
🔍 FILTER: event_start=2025-12-12 14:00:00+03:00, date_start=2025-12-04 00:00:00+03:00, date_end=2025-12-04 23:59:59.999999+03:00
🔍 FILTER: event_start.tzinfo=Europe/Minsk, date_start.tzinfo=Europe/Minsk
🔍 FILTER: event_start=2025-12-12 14:45:00+03:00, date_start=2025-12-04 00:00:00+03:00, date_end=2025-12-04 23:59:59.999999+03:00
🔍 FILTER: event_start.tzinfo=Europe/Minsk, date_start.tzinfo=Europe/Minsk
🔍 FILTER: event_start=2025-11-28 03:00:00+03:00, date_start=2025-12-04 00:00:00+03:00, date_end=2025-12-04 23:59:59.999999+03:00
🔍 FILTER: event_start.tzinfo=Europe/Minsk, date_start.tzinfo=Europe/Minsk
🔍 FILTER: event_start=2025-11-28 03:00:00+03:00, date_start=2025-12-04 00:00:00+03:00, date_end=2025-12-04 23:59:59.999999+03:00
🔍 FILTER: event_start.tzinfo=Europe/Minsk, date_start.tzinfo=Europe/Minsk
🔍 FILTER: event_start=2025-11-28 03:00:00+03:00, date_start=2025-12-04 00:00:00+03:00, date_end=2025-12-04 23:59:59.999999+03:00
🔍 FILTER: event_start.tzinfo=Europe/Minsk, date_start.tzinfo=Europe/Minsk
🔍 FILTER: event_start=2025-11-28 17:30:00+03:00, date_start=2025-12-04 00:00:00+03:00, date_end=2025-12-04 23:59:59.999999+03:00
🔍 FILTER: event_start.tzinfo=Europe/Minsk, date_start.tzinfo=Europe/Minsk
🔍 FILTER: event_start=2025-12-01 03:00:00+03:00, date_start=2025-12-04 00:00:00+03:00, date_end=2025-12-04 23:59:59.999999+03:00
🔍 FILTER: event_start.tzinfo=Europe/Minsk, date_start.tzinfo=Europe/Minsk
🔍 FILTER: event_start=2025-12-01 03:00:00+03:00, date_start=2025-12-04 00:00:00+03:00, date_end=2025-12-04 23:59:59.999999+03:00
🔍 FILTER: event_start.tzinfo=Europe/Minsk, date_start.tzinfo=Europe/Minsk
🔍 FILTER: event_start=2025-12-01 03:00:00+03:00, date_start=2025-12-04 00:00:00+03:00, date_end=2025-12-04 23:59:59.999999+03:00
🔍 FILTER: event_start.tzinfo=Europe/Minsk, date_start.tzinfo=Europe/Minsk
🔍 FILTER: event_start=2025-12-02 03:00:00+03:00, date_start=2025-12-04 00:00:00+03:00, date_end=2025-12-04 23:59:59.999999+03:00
🔍 FILTER: event_start.tzinfo=Europe/Minsk, date_start.tzinfo=Europe/Minsk
🔍 FILTER: event_start=2025-12-02 03:00:00+03:00, date_start=2025-12-04 00:00:00+03:00, date_end=2025-12-04 23:59:59.999999+03:00
🔍 FILTER: event_start.tzinfo=Europe/Minsk, date_start.tzinfo=Europe/Minsk
🔍 FILTER: event_start=2025-12-02 03:00:00+03:00, date_start=2025-12-04 00:00:00+03:00, date_end=2025-12-04 23:59:59.999999+03:00
🔍 FILTER: event_start.tzinfo=Europe/Minsk, date_start.tzinfo=Europe/Minsk
🔍 FILTER: event_start=2025-12-03 03:00:00+03:00, date_start=2025-12-04 00:00:00+03:00, date_end=2025-12-04 23:59:59.999999+03:00
🔍 FILTER: event_start.tzinfo=Europe/Minsk, date_start.tzinfo=Europe/Minsk
🔍 FILTER: event_start=2025-12-03 03:00:00+03:00, date_start=2025-12-04 00:00:00+03:00, date_end=2025-12-04 23:59:59.999999+03:00
🔍 FILTER: event_start.tzinfo=Europe/Minsk, date_start.tzinfo=Europe/Minsk
🔍 FILTER: event_start=2025-12-03 03:00:00+03:00, date_start=2025-12-04 00:00:00+03:00, date_end=2025-12-04 23:59:59.999999+03:00
🔍 FILTER: event_start.tzinfo=Europe/Minsk, date_start.tzinfo=Europe/Minsk
🔍 FILTER: event_start=2025-12-04 03:00:00+03:00, date_start=2025-12-04 00:00:00+03:00, date_end=2025-12-04 23:59:59.999999+03:00
🔍 FILTER: event_start.tzinfo=Europe/Minsk, date_start.tzinfo=Europe/Minsk
🔍 FILTER: event_start=2025-12-04 03:00:00+03:00, date_start=2025-12-04 00:00:00+03:00, date_end=2025-12-04 23:59:59.999999+03:00
🔍 FILTER: event_start.tzinfo=Europe/Minsk, date_start.tzinfo=Europe/Minsk[28/Nov/2025 17:23:39] "GET /google-oauth/chat/?vacancy_id=1 HTTP/1.1" 200 2579143
[28/Nov/2025 17:23:40] "GET /static/js/chat_actions.js?v=1764339818 HTTP/1.1" 200 23903

📅 День Чт 04.12.2025: 4 встреч, слоты: 11.00-13.45
🔍 FILTER: event_start=2025-11-28 03:00:00+03:00, date_start=2025-12-05 00:00:00+03:00, date_end=2025-12-05 23:59:59.999999+03:00
🔍 FILTER: event_start.tzinfo=Europe/Minsk, date_start.tzinfo=Europe/Minsk
🔍 FILTER: event_start=2025-11-28 02:00:00+03:00, date_start=2025-12-05 00:00:00+03:00, date_end=2025-12-05 23:59:59.999999+03:00
🔍 FILTER: event_start.tzinfo=Europe/Minsk, date_start.tzinfo=Europe/Minsk
🔍 FILTER: event_start=2025-11-28 17:00:00+03:00, date_start=2025-12-05 00:00:00+03:00, date_end=2025-12-05 23:59:59.999999+03:00
🔍 FILTER: event_start.tzinfo=Europe/Minsk, date_start.tzinfo=Europe/Minsk
🔍 FILTER: event_start=2025-11-29 15:00:00+03:00, date_start=2025-12-05 00:00:00+03:00, date_end=2025-12-05 23:59:59.999999+03:00
🔍 FILTER: event_start.tzinfo=Europe/Minsk, date_start.tzinfo=Europe/Minsk
🔍 FILTER: event_start=2025-11-29 16:00:00+03:00, date_start=2025-12-05 00:00:00+03:00, date_end=2025-12-05 23:59:59.999999+03:00
🔍 FILTER: event_start.tzinfo=Europe/Minsk, date_start.tzinfo=Europe/Minsk
🔍 FILTER: event_start=2025-12-01 10:30:00+03:00, date_start=2025-12-05 00:00:00+03:00, date_end=2025-12-05 23:59:59.999999+03:00
🔍 FILTER: event_start.tzinfo=Europe/Minsk, date_start.tzinfo=Europe/Minsk
🔍 FILTER: event_start=2025-12-01 13:00:00+03:00, date_start=2025-12-05 00:00:00+03:00, date_end=2025-12-05 23:59:59.999999+03:00
🔍 FILTER: event_start.tzinfo=Europe/Minsk, date_start.tzinfo=Europe/Minsk
🔍 FILTER: event_start=2025-12-01 14:00:00+03:00, date_start=2025-12-05 00:00:00+03:00, date_end=2025-12-05 23:59:59.999999+03:00
🔍 FILTER: event_start.tzinfo=Europe/Minsk, date_start.tzinfo=Europe/Minsk
🔍 FILTER: event_start=2025-12-01 14:45:00+03:00, date_start=2025-12-05 00:00:00+03:00, date_end=2025-12-05 23:59:59.999999+03:00
🔍 FILTER: event_start.tzinfo=Europe/Minsk, date_start.tzinfo=Europe/Minsk
🔍 FILTER: event_start=2025-12-01 15:45:00+03:00, date_start=2025-12-05 00:00:00+03:00, date_end=2025-12-05 23:59:59.999999+03:00
🔍 FILTER: event_start.tzinfo=Europe/Minsk, date_start.tzinfo=Europe/Minsk
🔍 FILTER: event_start=2025-12-02 14:00:00+03:00, date_start=2025-12-05 00:00:00+03:00, date_end=2025-12-05 23:59:59.999999+03:00
🔍 FILTER: event_start.tzinfo=Europe/Minsk, date_start.tzinfo=Europe/Minsk
🔍 FILTER: event_start=2025-12-02 15:00:00+03:00, date_start=2025-12-05 00:00:00+03:00, date_end=2025-12-05 23:59:59.999999+03:00
🔍 FILTER: event_start.tzinfo=Europe/Minsk, date_start.tzinfo=Europe/Minsk
🔍 FILTER: event_start=2025-12-02 17:15:00+03:00, date_start=2025-12-05 00:00:00+03:00, date_end=2025-12-05 23:59:59.999999+03:00
🔍 FILTER: event_start.tzinfo=Europe/Minsk, date_start.tzinfo=Europe/Minsk
🔍 FILTER: event_start=2025-12-03 14:00:00+03:00, date_start=2025-12-05 00:00:00+03:00, date_end=2025-12-05 23:59:59.999999+03:00
🔍 FILTER: event_start.tzinfo=Europe/Minsk, date_start.tzinfo=Europe/Minsk
🔍 FILTER: event_start=2025-12-04 14:00:00+03:00, date_start=2025-12-05 00:00:00+03:00, date_end=2025-12-05 23:59:59.999999+03:00
🔍 FILTER: event_start.tzinfo=Europe/Minsk, date_start.tzinfo=Europe/Minsk
🔍 FILTER: event_start=2025-12-05 10:30:00+03:00, date_start=2025-12-05 00:00:00+03:00, date_end=2025-12-05 23:59:59.999999+03:00
🔍 FILTER: event_start.tzinfo=Europe/Minsk, date_start.tzinfo=Europe/Minsk
🔍 FILTER: event_start=2025-12-05 12:30:00+03:00, date_start=2025-12-05 00:00:00+03:00, date_end=2025-12-05 23:59:59.999999+03:00
🔍 FILTER: event_start.tzinfo=Europe/Minsk, date_start.tzinfo=Europe/Minsk
🔍 FILTER: event_start=2025-12-05 14:00:00+03:00, date_start=2025-12-05 00:00:00+03:00, date_end=2025-12-05 23:59:59.999999+03:00
🔍 FILTER: event_start.tzinfo=Europe/Minsk, date_start.tzinfo=Europe/Minsk
📅 День Пт 05.12.2025: 8 встреч, слоты: Нет свободных слотов
📅 Итого дней со слотами в неделе: 5
📅 СЛОТЫ ИНТЕРВЬЮ: Рассчитано 6 дней со слотами
🔍 DEBUG CHAT: Передаем 52 событий в шаблон
🔍 DEBUG CHAT: Событие: PM целый день в 2025-11-28T00:00:00+00:00
🔍 DEBUG CHAT: Событие: Remote в 2025-11-28T02:00:00+03:00
🔍 DEBUG CHAT: Событие: DevOps Tech Interview | Dediulia Anton в 2025-11-28T17:00:00+03:00
🔍 API запрос: GET https://api.huntflow.ru/v2/accounts
📥 Ответ API: 200
📥 Тело ответа: {"items":[{"id":291341,"name":"Softnetix","nick":"softnetix","member_type":"owner","production_calendar":1}]}...
DEBUG context_processor: accounts_list = [{'id': 291341, 'name': 'Softnetix', 'nick': 'softnetix', 'member_type': 'owner', 'production_calendar': 1}]
🔍 CHAT AJAX HANDLER: Получен запрос на session_id=38
🔍 CHAT AJAX HANDLER: Метод=POST, Content-Type=application/json
🔍 CHAT AJAX: Анализируем сообщение: '/in https://huntflow.ru/my/softnetix#/vacancy/3936868/filter/186500/id/76643938
pfdnhf 17'
🔍 CHAT AJAX: action_type_from_js: 'invite' (type: <class 'str'>, bool: True)
🔍 CHAT AJAX: Команда /in обнаружена в тексте - принудительный инвайт
🔍 CHAT AJAX: ФИНАЛЬНЫЙ action_type: 'invite'
🔍 CLEAN_COMBINED_DATA: combined_data = 'https://huntflow.ru/my/softnetix#/vacancy/3936868/filter/186500/id/76643938
pfdnhf 17'
🔍 CLEAN_COMBINED_DATA: Найдено URLs: ['https://huntflow.ru/my/softnetix#/vacancy/3936868/filter/186500/id/76643938']
✅ CLEAN_COMBINED_DATA: URL извлечен: https://huntflow.ru/my/softnetix#/vacancy/3936868/filter/186500/id/76643938
✅ CLEAN_COMBINED_DATA: Весь текст сохранен для парсера: 'https://huntflow.ru/my/softnetix#/vacancy/3936868/filter/186500/id/76643938
pfdnhf 17'
🔍 COMBINED_FORM_CLEAN: Начинаем очистку формы
🔍 COMBINED_FORM_CLEAN: cleaned_data keys: ['candidate_url', 'interview_datetime', 'combined_data', 'selected_interviewer']
🔍 COMBINED_FORM_CLEAN: combined_data: https://huntflow.ru/my/softnetix#/vacancy/3936868/filter/186500/id/76643938
pfdnhf 17
🔍 COMBINED_FORM_CLEAN: URL извлечен, дату обработает парсер
🔍 COMBINED_FORM_CLEAN: Финальные cleaned_data: {'candidate_url': 'https://huntflow.ru/my/softnetix#/vacancy/3936868/filter/186500/id/76643938', 'interview_datetime': None, 'combined_data': 'https://huntflow.ru/my/softnetix#/vacancy/3936868/filter/186500/id/76643938\npfdnhf 17', 'selected_interviewer': ''}
🔍 COMBINED_FORM_SAVE: Начинаем сохранение инвайта...
🔍 COMBINED_FORM_SAVE: Установлен email пользователя: andrei.golubenko@softnetix.io
🔍 COMBINED_FORM_SAVE: Сохранены исходные данные: https://huntflow.ru/my/softnetix#/vacancy/3936868/filter/186500/id/76643938
pfdnhf 17...
🔍 COMBINED_FORM_SAVE: Инвайт создан, user: andrei.golubenko
🔍 COMBINED_FORM_SAVE: Парсим URL...
🔍 API запрос: GET https://api.huntflow.ru/v2/accounts
📥 Ответ API: 200
📥 Тело ответа: {"items":[{"id":291341,"name":"Softnetix","nick":"softnetix","member_type":"owner","production_calendar":1}]}...
🔍 PARSE_URL: Используем первый доступный account_id: 291341
✅ COMBINED_FORM_SAVE: URL распарсен успешно
🔍 COMBINED_FORM_SAVE: Получаем информацию о кандидате...
🔍 API запрос: GET https://api.huntflow.ru/v2/accounts
📥 Ответ API: 200
📥 Тело ответа: {"items":[{"id":291341,"name":"Softnetix","nick":"softnetix","member_type":"owner","production_calendar":1}]}...
🔍 GET_CANDIDATE_INFO: Автоматически получен account_id: 291341
🔍 API запрос: GET https://api.huntflow.ru/v2/accounts/291341/applicants/76643938
📥 Ответ API: 200
📥 Тело ответа: {"first_name":"ТЕСТ","last_name":null,"middle_name":null,"money":null,"phone":null,"email":null,"skype":null,"position":null,"company":null,"photo":null,"id":76643938,"account":291341,"photo_url":null,"birthday":null,"created":"2025-11-28T17:07:18+03:00","tags":[],"links":[{"id":72202049,"status":186503,"updated":"2025-11-28T17:18:56+03:00","changed":"2025-11-28T17:18:56+03:00","vacancy":3936868}],"external":[{"id":76472841,"auth_type":"NATIVE","account_source":null,"updated":"2025-11-28T17:07:1...
💾 Сохранены данные кандидата в кэш: 76643938
🔍 API запрос: GET https://api.huntflow.ru/v2/accounts/291341/applicants/76643938/questionary
📥 Ответ API: 200
📥 Тело ответа: {"kIbah4MN0iHussXm3n2Ar":"Middle","oMvUCpzbKSzzhPLUCwmGW":"https://docs.google.com/spreadsheets/d/1Pt81xONkIzB5YZzN_QMorMDJaoaCK-nSo1wX1RqcJTw/edit","CsWOTYehY2IkL3I7myfwM":null,"YAMd8vkvLFq5KLmIkiLVf":null,"n-U2tU6G5iBoxSPkXFN7F":null,"S58S9DFqO7w-JzDbF2HJA":null,"c8wID33nTMvoCpJmtngyq":null,"Ew3LqHTK8SL67j2VQ-n6y":null,"DoOdxUlwbb0nILXQGBDaT":null,"ICXvQX-WT9eleJW-QlVa9":null,"RMLxfRH9raQtHItMcdeq-":null,"X6qYbAqZnb0q1R3VMumbH":null,"bfPBtccRoL5s_7xyLXuia":null}...
РЕАЛЬНЫЕ ДАННЫЕ: Доступные активные грейды компании: ['Junior', 'Junior+', 'Middle', 'Middle+', 'Senior']
РЕАЛЬНЫЕ ДАННЫЕ: Не удалось получить схему анкеты: HuntflowService.get_applicant_questionary_schema() takes 2 positional arguments but 3 were given
РЕАЛЬНЫЕ ДАННЫЕ: Найден уровень по значению: Middle (поле: kIbah4MN0iHussXm3n2Ar)
РЕАЛЬНЫЕ ДАННЫЕ: ✅ Найден уровень в анкете: Middle (поле: kIbah4MN0iHussXm3n2Ar)
РЕАЛЬНЫЕ ДАННЫЕ: Получена информация о кандидате 76643938
РЕАЛЬНЫЕ ДАННЫЕ: Имя: None ТЕСТ
РЕАЛЬНЫЕ ДАННЫЕ: Уровень: Middle
✅ COMBINED_FORM_SAVE: Информация о кандидате получена
🔍 COMBINED_FORM_SAVE: Получаем информацию о вакансии...
ЛОКАЛЬНЫЕ ДАННЫЕ: Найдена вакансия в локальной БД: Frontend Engineer (React)
ЛОКАЛЬНЫЕ ДАННЫЕ: Шаблон scorecard: https://docs.google.com/spreadsheets/d/1Zz61HtsXAWvfHtlTucfJQnJEDCKLwcVRybmT9BHfZqg/edit?gid=1164423222#gid=1164423222
ЛОКАЛЬНЫЕ ДАННЫЕ: Длительность скринингов: 45 минут
✅ COMBINED_FORM_SAVE: Информация о вакансии получена
🤖 COMBINED_FORM_SAVE: Анализируем время с помощью парсера...
🔍 [ENHANCED_PARSER] Анализируем текст пользователя andrei.golubenko
🔍 [ENHANCED_PARSER] Текст для анализа: pfdnhf 17...
📅 [BOOKINGS] Получаем существующие бронирования...
💾 Сохранены события календаря в кэш: 49 событий
✅ [BOOKINGS] Найдено событий: 49
✅ [PARSER_INIT] Загружены полные словари: 194 дней недели, 3156 месяцев
[ENHANCED_PARSER] Исходный текст: pfdnhf 17
[ENHANCED_PARSER] Нормализованный текст: завтра 17
[ENHANCED_PARSER] Найдена относительная дата: 2025-11-29 17:24:05.887082+03:00
[ENHANCED_PARSER] Найдено время: (17, 0)
⚠️ [SLOT_CHECK] Ошибка проверки события: can't compare offset-naive and offset-aware datetimes
⚠️ [SLOT_CHECK] Ошибка проверки события: can't compare offset-naive and offset-aware datetimes
✅ [SLOT_CHECK] Слот 29.11 17:00 свободен
[ENHANCED_PARSER] Итоговый результат: 29.11.2025 17:00
[ENHANCED_PARSER] Уверенность: 0.95
[ENHANCED_PARSER] Исправлений: 1
✅ [ENHANCED_PARSER] Определена дата/время: 29.11.2025 17:00
📊 [ENHANCED_PARSER] Уверенность: 0.95
🔧 [ENHANCED_PARSER] Исправлений: 1
✔️ [ENHANCED_PARSER] Валидация: Пройдена
  🔧 keyboard_layout: pfdnhf → завтра
📅 [ENHANCED_PARSER] Альтернативные слоты:
  - 06.12.2025 17:00 (уверенность: 0.85)
  - 01.12.2025 17:00 (уверенность: 0.80)
  - 29.11.2025 14:00 (уверенность: 0.75)
✅ COMBINED_FORM_SAVE: Время проанализировано с помощью парсера
✅ COMBINED_FORM_SAVE: Дата интервью установлена из парсера: 2025-11-29 17:00:00+03:00
🔍 COMBINED_FORM_SAVE: Извлекаем кастомную длительность...
ℹ️ COMBINED_FORM_SAVE: Кастомная длительность не найдена, будет использована стандартная
🔍 COMBINED_FORM_SAVE: Создаем структуру Google Drive...
ЛОКАЛЬНЫЕ ДАННЫЕ: Используем scorecard из локальной БД: | Scorecard FE
ЛОКАЛЬНЫЕ ДАННЫЕ: Ссылка на шаблон: https://docs.google.com/spreadsheets/d/1Zz61HtsXAWvfHtlTucfJQnJEDCKLwcVRybmT9BHfZqg/edit?gid=1164423222#gid=1164423222
🔍 SAMPLE_DATA: Подготавливаем данные для генерации пути папок
🔍 SAMPLE_DATA: candidate_name = 'None ТЕСТ'
🔍 SAMPLE_DATA: vacancy_title = 'Frontend Engineer (React)'
🔍 SAMPLE_DATA: interview_datetime = '2025-11-29 17:00:00+03:00'
🔍 SAMPLE_DATA: Подготовленные данные:
🔍 SAMPLE_DATA:   date = '29.11.2025'
🔍 SAMPLE_DATA:   day = '29'
🔍 SAMPLE_DATA:   week_number = '48'
🔍 SAMPLE_DATA:   week_short_en = 'W48'
🔍 SAMPLE_DATA:   week_short_ru = 'Н48'
🔍 SAMPLE_DATA:   week_full_en = 'Week 48'
🔍 SAMPLE_DATA:   week_full_ru = 'Неделя 48'
🔍 SAMPLE_DATA:   month_num = '11'
🔍 SAMPLE_DATA:   month_short_ru = 'ноя'
🔍 SAMPLE_DATA:   month_short_en = 'Nov'
🔍 SAMPLE_DATA:   month_full_ru = 'ноябрь'
🔍 SAMPLE_DATA:   month_full_en = 'November'
🔍 SAMPLE_DATA:   weekday_short_ru = 'СБ'
🔍 SAMPLE_DATA:   weekday_short_en = 'Sat'
🔍 SAMPLE_DATA:   weekday_full_ru = 'Суббота'
🔍 SAMPLE_DATA:   weekday_full_en = 'Saturday'
🔍 SAMPLE_DATA:   year_short = '25'
🔍 SAMPLE_DATA:   year_full = '2025'
🔍 SAMPLE_DATA:   candidate_first_name = 'ТЕСТ'
🔍 SAMPLE_DATA:   candidate_last_name = 'None'
🔍 SAMPLE_DATA:   candidate_middle_name = ''
🔍 SAMPLE_DATA:   candidate_id = '76643938'
🔍 SAMPLE_DATA:   vacancy_title = 'Frontend Engineer (React)'
🔍 SAMPLE_DATA:   vacancy_id = '3936868'
🔍 FOLDER_GEN: Обрабатываем элемент: type=text, value='automations'
🔍 FOLDER_GEN: Text элемент: 'automations'
🔍 FOLDER_GEN: Добавлена папка: 'automations'
🔍 FOLDER_GEN: Обрабатываем элемент: type=mixed, value='[vacancy_title]'
🔍 FOLDER_GEN: Mixed элемент: '[vacancy_title]' -> 'Frontend Engineer (React)'
🔍 FOLDER_GEN: Добавлена папка: 'Frontend Engineer (React)'
🔍 FOLDER_GEN: Обрабатываем элемент: type=mixed, value='[year_full]'
🔍 FOLDER_GEN: Mixed элемент: '[year_full]' -> '2025'
🔍 FOLDER_GEN: Добавлена папка: '2025'
🔍 FOLDER_GEN: Обрабатываем элемент: type=mixed, value='[month_num] [month_full_ru]'
🔍 FOLDER_GEN: Mixed элемент: '[month_num] [month_full_ru]' -> '11 ноябрь'
🔍 FOLDER_GEN: Добавлена папка: '11 ноябрь'
🔍 FOLDER_GEN: Обрабатываем элемент: type=mixed, value='[day] [month_full_ru] ([weekday_short_ru])'
🔍 FOLDER_GEN: Mixed элемент: '[day] [month_full_ru] ([weekday_short_ru])' -> '29 ноябрь (СБ)'
🔍 FOLDER_GEN: Добавлена папка: '29 ноябрь (СБ)'
НАСТРОЙКИ ПАПОК: Структура папок: automations/Frontend Engineer (React)/2025/11 ноябрь/29 ноябрь (СБ)
НАСТРОЙКИ ПАПОК: База названия файла: None ТЕСТ
РЕАЛЬНЫЕ ДАННЫЕ: Создана структура папок: automations/Frontend Engineer (React)/2025/11 ноябрь/29 ноябрь (СБ)
РЕАЛЬНЫЕ ДАННЫЕ: ID папки: 1surfRQ1vpQmB6xGxpnsYllEP7UZs__ZQ
РЕАЛЬНЫЕ ДАННЫЕ: ID файла: 1KnnMOP3PBLPvzolDdI_gRKW8_YCcp5OhfEiouKbtPIg
РЕАЛЬНЫЕ ДАННЫЕ: Ссылка: https://docs.google.com/spreadsheets/d/1KnnMOP3PBLPvzolDdI_gRKW8_YCcp5OhfEiouKbtPIg/edit
РЕАЛЬНЫЕ ДАННЫЕ: Название файла: None ТЕСТ | Scorecard FE
🔍 API запрос: GET https://api.huntflow.ru/v2/accounts
📥 Ответ API: 200
📥 Тело ответа: {"items":[{"id":291341,"name":"Softnetix","nick":"softnetix","member_type":"owner","production_calendar":1}]}...
🔍 API запрос: GET https://api.huntflow.ru/v2/accounts/291341/applicants/questionary
📥 Ответ API: 200
📥 Тело ответа: {"kIbah4MN0iHussXm3n2Ar":{"type":"select","id":3059,"title":"Уровень","required":false,"order":1,"values":["Junior","Junior+","Middle","Middle+","Senior"],"show_in_profile":true,"search_field":"string_field_1","disableAutofill":true,"is_archived":false,"account":291341,"search_filter":true},"oMvUCpzbKSzzhPLUCwmGW":{"type":"url","id":3067,"title":"Scorecard","required":false,"order":2,"show_in_profile":true,"search_field":"string_field_7","placeholder":"","is_archived":false,"account":291341,"sea...
🔍 Найдено поле Scorecard в схеме: oMvUCpzbKSzzhPLUCwmGW = Scorecard (тип: url)
📝 Обновляем поле Scorecard oMvUCpzbKSzzhPLUCwmGW со ссылкой: https://docs.google.com/spreadsheets/d/1KnnMOP3PBLPvzolDdI_gRKW8_YCcp5OhfEiouKbtPIg/edit
DEBUG: Пробуем обновить анкету через /accounts/291341/applicants/76643938/questionary с данными {'oMvUCpzbKSzzhPLUCwmGW': 'https://docs.google.com/spreadsheets/d/1KnnMOP3PBLPvzolDdI_gRKW8_YCcp5OhfEiouKbtPIg/edit'}
🔍 API запрос: PATCH https://api.huntflow.ru/v2/accounts/291341/applicants/76643938/questionary
📤 JSON данные: {'oMvUCpzbKSzzhPLUCwmGW': 'https://docs.google.com/spreadsheets/d/1KnnMOP3PBLPvzolDdI_gRKW8_YCcp5OhfEiouKbtPIg/edit'}
📥 Ответ API: 200
📥 Тело ответа: {"kIbah4MN0iHussXm3n2Ar":"Middle","oMvUCpzbKSzzhPLUCwmGW":"https://docs.google.com/spreadsheets/d/1KnnMOP3PBLPvzolDdI_gRKW8_YCcp5OhfEiouKbtPIg/edit","CsWOTYehY2IkL3I7myfwM":null,"YAMd8vkvLFq5KLmIkiLVf":null,"n-U2tU6G5iBoxSPkXFN7F":null,"S58S9DFqO7w-JzDbF2HJA":null,"c8wID33nTMvoCpJmtngyq":null,"Ew3LqHTK8SL67j2VQ-n6y":null,"DoOdxUlwbb0nILXQGBDaT":null,"ICXvQX-WT9eleJW-QlVa9":null,"RMLxfRH9raQtHItMcdeq-":null,"X6qYbAqZnb0q1R3VMumbH":null,"bfPBtccRoL5s_7xyLXuia":null}...
🗑️ Сброшен кэш для кандидата: 76643938
✅ Поле Scorecard обновлено со ссылкой на scorecard
✅ Поле 'Scorecard' в Huntflow обновлено со ссылкой на scorecard
🔍 Создаем календарное событие...
🔍 API запрос: GET https://api.huntflow.ru/v2/accounts
📥 Ответ API: 200
📥 Тело ответа: {"items":[{"id":291341,"name":"Softnetix","nick":"softnetix","member_type":"owner","production_calendar":1}]}...
🔍 API запрос: GET https://api.huntflow.ru/v2/accounts/291341/applicants/76643938
📥 Ответ API: 200
📥 Тело ответа: {"first_name":"ТЕСТ","last_name":null,"middle_name":null,"money":null,"phone":null,"email":null,"skype":null,"position":null,"company":null,"photo":null,"id":76643938,"account":291341,"photo_url":null,"birthday":null,"created":"2025-11-28T17:07:18+03:00","tags":[],"links":[{"id":72202049,"status":186503,"updated":"2025-11-28T17:18:56+03:00","changed":"2025-11-28T17:18:56+03:00","vacancy":3936868}],"external":[{"id":76472841,"auth_type":"NATIVE","account_source":null,"updated":"2025-11-28T17:07:1...
💾 Сохранены данные кандидата в кэш: 76643938
❌ Email кандидата не найден в Huntflow
📅 Сгенерировано название события: JS Tech Screening | None ТЕСТ
✅ Найдена длительность скринингов для вакансии 'Frontend Engineer (React)': 45 минут
⏱️ Используем длительность скринингов: 45 минут
📝 Найден телеграм рекрутера: talent_softnetix
📝 Ссылка на телеграм: https://t.me/talent_softnetix
📝 Сопроводительный текст: Попрошу быть с камерой. Технический скрининг будет с секцией лайв-кодинга (нужно будет шарить экран)...
🔍 API запрос: GET https://api.huntflow.ru/v2/accounts
📥 Ответ API: 200
📥 Тело ответа: {"items":[{"id":291341,"name":"Softnetix","nick":"softnetix","member_type":"owner","production_calendar":1}]}...
🔗 Сгенерирована ссылка на Huntflow (prod): https://huntflow.ru/my/softnetix#/vacancy/3936868/filter/workon/id/76643938
👥 Добавляем пользователя в участники: andrei.golubenko@softnetix.io
🔍 Время с timezone: 2025-11-29 17:00:00+03:00
🔍 Время начала (UTC): 2025-11-29 14:00:00+00:00
🔍 Время окончания (UTC): 2025-11-29 14:45:00+00:00
🔍 Строка времени начала: 2025-11-29T14:00:00
🔍 Строка времени окончания: 2025-11-29T14:45:00
📅 Создаем событие: JS Tech Screening | None ТЕСТ
📅 Время начала: 2025-11-29T14:00:00
📅 Время окончания: 2025-11-29T14:45:00
📅 Данные события: {'summary': 'JS Tech Screening | None ТЕСТ', 'description': 'Попрошу быть с камерой. Технический скрининг будет с секцией лайв-кодинга (нужно будет шарить экран). Если возникнут вопросы - на связи в телеграм <a href="https://t.me/talent_softnetix">@talent_softnetix</a>\n\nДля интервьюеров:\nhttps://huntflow.ru/my/softnetix#/vacancy/3936868/filter/workon/id/76643938', 'location': '', 'start': {'dateTime': '2025-11-29T14:00:00', 'timeZone': 'UTC'}, 'end': {'dateTime': '2025-11-29T14:45:00', 'timeZone': 'UTC'}, 'attendees': [{'email': 'andrei.golubenko@softnetix.io'}], 'conferenceData': {'createRequest': {'requestId': 'meet-202511291700', 'conferenceSolutionKey': {'type': 'hangoutsMeet'}}}, 'reminders': {'useDefault': False, 'overrides': [{'method': 'email', 'minutes': 1440}, {'method': 'popup', 'minutes': 10}]}}
✅ Событие создано: JS Tech Screening | None ТЕСТ (2025-11-29 17:00:00+03:00 - 2025-11-29 17:45:00+03:00)
⏱️ Длительность: 45 минут
🔗 Ссылка на событие: https://www.google.com/calendar/event?eid=NGxqbTA3Ym84Nzh1aTdlcXM4YXRsamkwdjggYW5kcmVpLmdvbHViZW5rb0Bzb2Z0bmV0aXguaW8
🔗 Google Meet ссылка: https://meet.google.com/kpy-uwfq-rjn
✅ Календарное событие создано: JS Tech Screening | None ТЕСТ
🔗 Ссылка на событие: https://www.google.com/calendar/event?eid=NGxqbTA3Ym84Nzh1aTdlcXM4YXRsamkwdjggYW5kcmVpLmdvbHViZW5rb0Bzb2Z0bmV0aXguaW8
🔍 Результат создания календарного события: True
[TECH_SCREENING_UPDATE] Календарное событие создано успешно, обновляем статус...
[TECH_SCREENING] Начинаем обновление статуса кандидата 76643938
[TECH_SCREENING] Импорты выполнены успешно
🔍 API запрос: GET https://api.huntflow.ru/v2/accounts
📥 Ответ API: 200
📥 Тело ответа: {"items":[{"id":291341,"name":"Softnetix","nick":"softnetix","member_type":"owner","production_calendar":1}]}...
[TECH_SCREENING] Получен account_id: 291341
🔍 TECH_SCREENING: Используем статус из вакансии: 186503
✅ Найдена длительность скринингов для вакансии 'Frontend Engineer (React)': 45 минут
[TECH_SCREENING] Кандидат: 76643938 -> Tech Screening
[TECH_SCREENING] Комментарий: Суббота, 29 ноября⋅17:00–17:45
[TECH_SCREENING] Используем статус ID: 186503
[TECH_SCREENING] Вызываем update_applicant_status...
🔍 API запрос: GET https://api.huntflow.ru/v2/accounts/291341/applicants/76643938
📥 Ответ API: 200
📥 Тело ответа: {"first_name":"ТЕСТ","last_name":null,"middle_name":null,"money":null,"phone":null,"email":null,"skype":null,"position":null,"company":null,"photo":null,"id":76643938,"account":291341,"photo_url":null,"birthday":null,"created":"2025-11-28T17:07:18+03:00","tags":[],"links":[{"id":72202049,"status":186503,"updated":"2025-11-28T17:18:56+03:00","changed":"2025-11-28T17:18:56+03:00","vacancy":3936868}],"external":[{"id":76472841,"auth_type":"NATIVE","account_source":null,"updated":"2025-11-28T17:07:1...[28/Nov/2025 17:24:16] "POST /google-oauth/chat/38/ajax/ HTTP/1.1" 200 5688
/Users/agolubenko/hrhelper/fullstack/backend/apps/google_oauth/models.py changed, reloading.

DEBUG: Обновляем статус кандидата 76643938 на статус 186503 для вакансии 3936868 с комментарием: Суббота, 29 ноября⋅17:00–17:45
DEBUG: Пробуем эндпоинт /accounts/291341/applicants/76643938/vacancy с данными {'vacancy': 3936868, 'status': 186503, 'comment': 'Суббота, 29 ноября⋅17:00–17:45'}
🔍 API запрос: POST https://api.huntflow.ru/v2/accounts/291341/applicants/76643938/vacancy
📤 JSON данные: {'vacancy': 3936868, 'status': 186503, 'comment': 'Суббота, 29 ноября⋅17:00–17:45'}
📥 Ответ API: 200
📥 Тело ответа: {"id":72202049,"changed":"2025-11-28T17:24:16+03:00","vacancy":3936868,"status":186503,"rejection_reason":null}...
DEBUG: Статус успешно обновлен через /accounts/291341/applicants/76643938/vacancy
🗑️ Сброшен кэш для кандидата: 76643938
[TECH_SCREENING] Результат update_applicant_status: {'id': 72202049, 'changed': '2025-11-28T17:24:16+03:00', 'vacancy': 3936868, 'status': 186503, 'rejection_reason': None}
[TECH_SCREENING] Успешно обновлен статус на Tech Screening
[TECH_SCREENING_UPDATE] Статус обновлен: True
✅ COMBINED_FORM_SAVE: Структура Google Drive создана
🔍 COMBINED_FORM_SAVE: Обрабатываем scorecard...
⚠️ COMBINED_FORM_SAVE: Предупреждение при обработке scorecard: Вакансия не найдена
🔍 COMBINED_FORM_SAVE: Добавляем метку интервьюера в Huntflow...
🔍 INTERVIEWER_TAG: Начинаем добавление метки интервьюера...
ℹ️ INTERVIEWER_TAG: Нет интервьюера для добавления метки в Huntflow
✅ COMBINED_FORM_SAVE: Метка интервьюера добавлена
✅ COMBINED_FORM_SAVE: Инвайт сохранен с ID: 402
🔍 CHAT AJAX: Последнее системное сообщение: Инвайт - 28.11.2025 14:24 (type: invite)
🔍 CHAT AJAX: Рендерим HTML для сообщения типа: invite
🔍 CHAT AJAX: HTML сгенерирован, длина: 4730
Watching for file changes with StatReloader
/Users/agolubenko/hrhelper/fullstack/backend/apps/google_oauth/models.py changed, reloading.
Performing system checks...

System check identified no issues (0 silenced).
November 28, 2025 - 17:25:47
Django version 4.2.16, using settings 'config.settings'
Starting development server at http://127.0.0.1:8000/
Quit the server with CONTROL-C.

Watching for file changes with StatReloader
/Users/agolubenko/hrhelper/fullstack/backend/apps/google_oauth/models.py changed, reloading.
Performing system checks...

System check identified no issues (0 silenced).
November 28, 2025 - 17:25:55
Django version 4.2.16, using settings 'config.settings'
Starting development server at http://127.0.0.1:8000/
Quit the server with CONTROL-C.

Watching for file changes with StatReloader
/Users/agolubenko/hrhelper/fullstack/backend/apps/google_oauth/models.py changed, reloading.
Performing system checks...

System check identified no issues (0 silenced).
November 28, 2025 - 17:26:17
Django version 4.2.16, using settings 'config.settings'
Starting development server at http://127.0.0.1:8000/
Quit the server with CONTROL-C.

Watching for file changes with StatReloader
/Users/agolubenko/hrhelper/fullstack/backend/apps/google_oauth/models.py changed, reloading.
Performing system checks...

System check identified no issues (0 silenced).
November 28, 2025 - 17:26:31
Django version 4.2.16, using settings 'config.settings'
Starting development server at http://127.0.0.1:8000/
Quit the server with CONTROL-C.

Watching for file changes with StatReloader
Performing system checks...

System check identified no issues (0 silenced).
November 28, 2025 - 17:26:50
Django version 4.2.16, using settings 'config.settings'
Starting development server at http://127.0.0.1:8000/
Quit the server with CONTROL-C.

🔍 CHAT AJAX HANDLER: Получен запрос на session_id=38
🔍 CHAT AJAX HANDLER: Метод=POST, Content-Type=application/json
🔍 CHAT AJAX: Анализируем сообщение: '/in https://huntflow.ru/my/softnetix#/vacancy/3936868/filter/186500/id/76643938
pfdnhf 15'
🔍 CHAT AJAX: action_type_from_js: 'invite' (type: <class 'str'>, bool: True)
🔍 CHAT AJAX: Команда /in обнаружена в тексте - принудительный инвайт
🔍 CHAT AJAX: ФИНАЛЬНЫЙ action_type: 'invite'
🔍 CLEAN_COMBINED_DATA: combined_data = 'https://huntflow.ru/my/softnetix#/vacancy/3936868/filter/186500/id/76643938
pfdnhf 15'
🔍 CLEAN_COMBINED_DATA: Найдено URLs: ['https://huntflow.ru/my/softnetix#/vacancy/3936868/filter/186500/id/76643938']
✅ CLEAN_COMBINED_DATA: URL извлечен: https://huntflow.ru/my/softnetix#/vacancy/3936868/filter/186500/id/76643938
✅ CLEAN_COMBINED_DATA: Весь текст сохранен для парсера: 'https://huntflow.ru/my/softnetix#/vacancy/3936868/filter/186500/id/76643938
pfdnhf 15'
🔍 COMBINED_FORM_CLEAN: Начинаем очистку формы
🔍 COMBINED_FORM_CLEAN: cleaned_data keys: ['candidate_url', 'interview_datetime', 'combined_data', 'selected_interviewer']
🔍 COMBINED_FORM_CLEAN: combined_data: https://huntflow.ru/my/softnetix#/vacancy/3936868/filter/186500/id/76643938
pfdnhf 15
🔍 COMBINED_FORM_CLEAN: URL извлечен, дату обработает парсер
🔍 COMBINED_FORM_CLEAN: Финальные cleaned_data: {'candidate_url': 'https://huntflow.ru/my/softnetix#/vacancy/3936868/filter/186500/id/76643938', 'interview_datetime': None, 'combined_data': 'https://huntflow.ru/my/softnetix#/vacancy/3936868/filter/186500/id/76643938\npfdnhf 15', 'selected_interviewer': ''}
🔍 COMBINED_FORM_SAVE: Начинаем сохранение инвайта...
🔍 COMBINED_FORM_SAVE: Установлен email пользователя: andrei.golubenko@softnetix.io
🔍 COMBINED_FORM_SAVE: Сохранены исходные данные: https://huntflow.ru/my/softnetix#/vacancy/3936868/filter/186500/id/76643938
pfdnhf 15...
🔍 COMBINED_FORM_SAVE: Инвайт создан, user: andrei.golubenko
🔍 COMBINED_FORM_SAVE: Парсим URL...
🔍 API запрос: GET https://api.huntflow.ru/v2/accounts
📥 Ответ API: 200
📥 Тело ответа: {"items":[{"id":291341,"name":"Softnetix","nick":"softnetix","member_type":"owner","production_calendar":1}]}...
🔍 PARSE_URL: Используем первый доступный account_id: 291341
✅ COMBINED_FORM_SAVE: URL распарсен успешно
🔍 COMBINED_FORM_SAVE: Получаем информацию о кандидате...
🔍 API запрос: GET https://api.huntflow.ru/v2/accounts
📥 Ответ API: 200
📥 Тело ответа: {"items":[{"id":291341,"name":"Softnetix","nick":"softnetix","member_type":"owner","production_calendar":1}]}...
🔍 GET_CANDIDATE_INFO: Автоматически получен account_id: 291341
🔍 API запрос: GET https://api.huntflow.ru/v2/accounts/291341/applicants/76643938
📥 Ответ API: 200
📥 Тело ответа: {"first_name":"ТЕСТ","last_name":null,"middle_name":null,"money":null,"phone":null,"email":null,"skype":null,"position":null,"company":null,"photo":null,"id":76643938,"account":291341,"photo_url":null,"birthday":null,"created":"2025-11-28T17:07:18+03:00","tags":[],"links":[{"id":72202049,"status":186503,"updated":"2025-11-28T17:24:16+03:00","changed":"2025-11-28T17:24:16+03:00","vacancy":3936868}],"external":[{"id":76472841,"auth_type":"NATIVE","account_source":null,"updated":"2025-11-28T17:07:1...
💾 Сохранены данные кандидата в кэш: 76643938
🔍 API запрос: GET https://api.huntflow.ru/v2/accounts/291341/applicants/76643938/questionary
📥 Ответ API: 200
📥 Тело ответа: {"kIbah4MN0iHussXm3n2Ar":"Middle","oMvUCpzbKSzzhPLUCwmGW":"https://docs.google.com/spreadsheets/d/1KnnMOP3PBLPvzolDdI_gRKW8_YCcp5OhfEiouKbtPIg/edit","CsWOTYehY2IkL3I7myfwM":null,"YAMd8vkvLFq5KLmIkiLVf":null,"n-U2tU6G5iBoxSPkXFN7F":null,"S58S9DFqO7w-JzDbF2HJA":null,"c8wID33nTMvoCpJmtngyq":null,"Ew3LqHTK8SL67j2VQ-n6y":null,"DoOdxUlwbb0nILXQGBDaT":null,"ICXvQX-WT9eleJW-QlVa9":null,"RMLxfRH9raQtHItMcdeq-":null,"X6qYbAqZnb0q1R3VMumbH":null,"bfPBtccRoL5s_7xyLXuia":null}...
РЕАЛЬНЫЕ ДАННЫЕ: Доступные активные грейды компании: ['Junior', 'Junior+', 'Middle', 'Middle+', 'Senior']
РЕАЛЬНЫЕ ДАННЫЕ: Не удалось получить схему анкеты: HuntflowService.get_applicant_questionary_schema() takes 2 positional arguments but 3 were given
РЕАЛЬНЫЕ ДАННЫЕ: Найден уровень по значению: Middle (поле: kIbah4MN0iHussXm3n2Ar)
РЕАЛЬНЫЕ ДАННЫЕ: ✅ Найден уровень в анкете: Middle (поле: kIbah4MN0iHussXm3n2Ar)
РЕАЛЬНЫЕ ДАННЫЕ: Получена информация о кандидате 76643938
РЕАЛЬНЫЕ ДАННЫЕ: Имя: None ТЕСТ
РЕАЛЬНЫЕ ДАННЫЕ: Уровень: Middle
✅ COMBINED_FORM_SAVE: Информация о кандидате получена
🔍 COMBINED_FORM_SAVE: Получаем информацию о вакансии...
ЛОКАЛЬНЫЕ ДАННЫЕ: Найдена вакансия в локальной БД: Frontend Engineer (React)
ЛОКАЛЬНЫЕ ДАННЫЕ: Шаблон scorecard: https://docs.google.com/spreadsheets/d/1Zz61HtsXAWvfHtlTucfJQnJEDCKLwcVRybmT9BHfZqg/edit?gid=1164423222#gid=1164423222
ЛОКАЛЬНЫЕ ДАННЫЕ: Длительность скринингов: 45 минут
✅ COMBINED_FORM_SAVE: Информация о вакансии получена
🤖 COMBINED_FORM_SAVE: Анализируем время с помощью парсера...
🔍 [ENHANCED_PARSER] Анализируем текст пользователя andrei.golubenko
🔍 [ENHANCED_PARSER] Текст для анализа: pfdnhf 15...
📅 [BOOKINGS] Получаем существующие бронирования...
💾 Сохранены события календаря в кэш: 47 событий
✅ [BOOKINGS] Найдено событий: 47
✅ [PARSER_INIT] Загружены полные словари: 194 дней недели, 3156 месяцев
[ENHANCED_PARSER] Исходный текст: pfdnhf 15
[ENHANCED_PARSER] Нормализованный текст: завтра 15
[ENHANCED_PARSER] Найдена относительная дата: 2025-11-29 17:27:37.767817+03:00
[ENHANCED_PARSER] Найдено время: (15, 0)
⚠️ [SLOT_CHECK] Ошибка проверки события: can't compare offset-naive and offset-aware datetimes
⚠️ [SLOT_CHECK] Ошибка проверки события: can't compare offset-naive and offset-aware datetimes
✅ [SLOT_CHECK] Слот 29.11 15:00 свободен
[ENHANCED_PARSER] Итоговый результат: 29.11.2025 15:00
[ENHANCED_PARSER] Уверенность: 0.95
[ENHANCED_PARSER] Исправлений: 1
✅ [ENHANCED_PARSER] Определена дата/время: 29.11.2025 15:00
📊 [ENHANCED_PARSER] Уверенность: 0.95
🔧 [ENHANCED_PARSER] Исправлений: 1
✔️ [ENHANCED_PARSER] Валидация: Пройдена
  🔧 keyboard_layout: pfdnhf → завтра
📅 [ENHANCED_PARSER] Альтернативные слоты:
  - 06.12.2025 15:00 (уверенность: 0.85)
  - 01.12.2025 15:00 (уверенность: 0.80)
  - 29.11.2025 14:00 (уверенность: 0.75)
✅ COMBINED_FORM_SAVE: Время проанализировано с помощью парсера
✅ COMBINED_FORM_SAVE: Дата интервью установлена из парсера: 2025-11-29 15:00:00+03:00
🔍 COMBINED_FORM_SAVE: Извлекаем кастомную длительность...
ℹ️ COMBINED_FORM_SAVE: Кастомная длительность не найдена, будет использована стандартная
🔍 COMBINED_FORM_SAVE: Создаем структуру Google Drive...
ЛОКАЛЬНЫЕ ДАННЫЕ: Используем scorecard из локальной БД: | Scorecard FE
ЛОКАЛЬНЫЕ ДАННЫЕ: Ссылка на шаблон: https://docs.google.com/spreadsheets/d/1Zz61HtsXAWvfHtlTucfJQnJEDCKLwcVRybmT9BHfZqg/edit?gid=1164423222#gid=1164423222
🔍 SAMPLE_DATA: Подготавливаем данные для генерации пути папок
🔍 SAMPLE_DATA: candidate_name = 'None ТЕСТ'
🔍 SAMPLE_DATA: vacancy_title = 'Frontend Engineer (React)'
🔍 SAMPLE_DATA: interview_datetime = '2025-11-29 15:00:00+03:00'
🔍 SAMPLE_DATA: Подготовленные данные:
🔍 SAMPLE_DATA:   date = '29.11.2025'
🔍 SAMPLE_DATA:   day = '29'
🔍 SAMPLE_DATA:   week_number = '48'
🔍 SAMPLE_DATA:   week_short_en = 'W48'
🔍 SAMPLE_DATA:   week_short_ru = 'Н48'
🔍 SAMPLE_DATA:   week_full_en = 'Week 48'
🔍 SAMPLE_DATA:   week_full_ru = 'Неделя 48'
🔍 SAMPLE_DATA:   month_num = '11'
🔍 SAMPLE_DATA:   month_short_ru = 'ноя'
🔍 SAMPLE_DATA:   month_short_en = 'Nov'
🔍 SAMPLE_DATA:   month_full_ru = 'ноябрь'
🔍 SAMPLE_DATA:   month_full_en = 'November'
🔍 SAMPLE_DATA:   weekday_short_ru = 'СБ'
🔍 SAMPLE_DATA:   weekday_short_en = 'Sat'
🔍 SAMPLE_DATA:   weekday_full_ru = 'Суббота'
🔍 SAMPLE_DATA:   weekday_full_en = 'Saturday'
🔍 SAMPLE_DATA:   year_short = '25'
🔍 SAMPLE_DATA:   year_full = '2025'
🔍 SAMPLE_DATA:   candidate_first_name = 'ТЕСТ'
🔍 SAMPLE_DATA:   candidate_last_name = 'None'
🔍 SAMPLE_DATA:   candidate_middle_name = ''
🔍 SAMPLE_DATA:   candidate_id = '76643938'
🔍 SAMPLE_DATA:   vacancy_title = 'Frontend Engineer (React)'
🔍 SAMPLE_DATA:   vacancy_id = '3936868'
🔍 FOLDER_GEN: Обрабатываем элемент: type=text, value='automations'
🔍 FOLDER_GEN: Text элемент: 'automations'
🔍 FOLDER_GEN: Добавлена папка: 'automations'
🔍 FOLDER_GEN: Обрабатываем элемент: type=mixed, value='[vacancy_title]'
🔍 FOLDER_GEN: Mixed элемент: '[vacancy_title]' -> 'Frontend Engineer (React)'
🔍 FOLDER_GEN: Добавлена папка: 'Frontend Engineer (React)'
🔍 FOLDER_GEN: Обрабатываем элемент: type=mixed, value='[year_full]'
🔍 FOLDER_GEN: Mixed элемент: '[year_full]' -> '2025'
🔍 FOLDER_GEN: Добавлена папка: '2025'
🔍 FOLDER_GEN: Обрабатываем элемент: type=mixed, value='[month_num] [month_full_ru]'
🔍 FOLDER_GEN: Mixed элемент: '[month_num] [month_full_ru]' -> '11 ноябрь'
🔍 FOLDER_GEN: Добавлена папка: '11 ноябрь'
🔍 FOLDER_GEN: Обрабатываем элемент: type=mixed, value='[day] [month_full_ru] ([weekday_short_ru])'
🔍 FOLDER_GEN: Mixed элемент: '[day] [month_full_ru] ([weekday_short_ru])' -> '29 ноябрь (СБ)'
🔍 FOLDER_GEN: Добавлена папка: '29 ноябрь (СБ)'
НАСТРОЙКИ ПАПОК: Структура папок: automations/Frontend Engineer (React)/2025/11 ноябрь/29 ноябрь (СБ)
НАСТРОЙКИ ПАПОК: База названия файла: None ТЕСТ
РЕАЛЬНЫЕ ДАННЫЕ: Создана структура папок: automations/Frontend Engineer (React)/2025/11 ноябрь/29 ноябрь (СБ)
РЕАЛЬНЫЕ ДАННЫЕ: ID папки: 1surfRQ1vpQmB6xGxpnsYllEP7UZs__ZQ
РЕАЛЬНЫЕ ДАННЫЕ: ID файла: 14BP2G8Y53z-Ki99DyPBM2YA6tJtntE0BwMCZ6C4FPYc
РЕАЛЬНЫЕ ДАННЫЕ: Ссылка: https://docs.google.com/spreadsheets/d/14BP2G8Y53z-Ki99DyPBM2YA6tJtntE0BwMCZ6C4FPYc/edit
РЕАЛЬНЫЕ ДАННЫЕ: Название файла: None ТЕСТ | Scorecard FE
🔍 API запрос: GET https://api.huntflow.ru/v2/accounts
📥 Ответ API: 200
📥 Тело ответа: {"items":[{"id":291341,"name":"Softnetix","nick":"softnetix","member_type":"owner","production_calendar":1}]}...
🔍 API запрос: GET https://api.huntflow.ru/v2/accounts/291341/applicants/questionary
📥 Ответ API: 200
📥 Тело ответа: {"kIbah4MN0iHussXm3n2Ar":{"type":"select","id":3059,"title":"Уровень","required":false,"order":1,"values":["Junior","Junior+","Middle","Middle+","Senior"],"show_in_profile":true,"account":291341,"is_archived":false,"disableAutofill":true,"search_field":"string_field_1","search_filter":true},"oMvUCpzbKSzzhPLUCwmGW":{"type":"url","id":3067,"title":"Scorecard","required":false,"order":2,"show_in_profile":true,"account":291341,"is_archived":false,"placeholder":"","search_field":"string_field_7","sea...
🔍 Найдено поле Scorecard в схеме: oMvUCpzbKSzzhPLUCwmGW = Scorecard (тип: url)
📝 Обновляем поле Scorecard oMvUCpzbKSzzhPLUCwmGW со ссылкой: https://docs.google.com/spreadsheets/d/14BP2G8Y53z-Ki99DyPBM2YA6tJtntE0BwMCZ6C4FPYc/edit
DEBUG: Пробуем обновить анкету через /accounts/291341/applicants/76643938/questionary с данными {'oMvUCpzbKSzzhPLUCwmGW': 'https://docs.google.com/spreadsheets/d/14BP2G8Y53z-Ki99DyPBM2YA6tJtntE0BwMCZ6C4FPYc/edit'}
🔍 API запрос: PATCH https://api.huntflow.ru/v2/accounts/291341/applicants/76643938/questionary
📤 JSON данные: {'oMvUCpzbKSzzhPLUCwmGW': 'https://docs.google.com/spreadsheets/d/14BP2G8Y53z-Ki99DyPBM2YA6tJtntE0BwMCZ6C4FPYc/edit'}
📥 Ответ API: 200
📥 Тело ответа: {"kIbah4MN0iHussXm3n2Ar":"Middle","oMvUCpzbKSzzhPLUCwmGW":"https://docs.google.com/spreadsheets/d/14BP2G8Y53z-Ki99DyPBM2YA6tJtntE0BwMCZ6C4FPYc/edit","CsWOTYehY2IkL3I7myfwM":null,"YAMd8vkvLFq5KLmIkiLVf":null,"n-U2tU6G5iBoxSPkXFN7F":null,"S58S9DFqO7w-JzDbF2HJA":null,"c8wID33nTMvoCpJmtngyq":null,"Ew3LqHTK8SL67j2VQ-n6y":null,"DoOdxUlwbb0nILXQGBDaT":null,"ICXvQX-WT9eleJW-QlVa9":null,"RMLxfRH9raQtHItMcdeq-":null,"X6qYbAqZnb0q1R3VMumbH":null,"bfPBtccRoL5s_7xyLXuia":null}...
🗑️ Сброшен кэш для кандидата: 76643938
✅ Поле Scorecard обновлено со ссылкой на scorecard
✅ Поле 'Scorecard' в Huntflow обновлено со ссылкой на scorecard
🔍 Создаем календарное событие...
🔍 API запрос: GET https://api.huntflow.ru/v2/accounts
📥 Ответ API: 200
📥 Тело ответа: {"items":[{"id":291341,"name":"Softnetix","nick":"softnetix","member_type":"owner","production_calendar":1}]}...
🔍 API запрос: GET https://api.huntflow.ru/v2/accounts/291341/applicants/76643938
📥 Ответ API: 200
📥 Тело ответа: {"first_name":"ТЕСТ","last_name":null,"middle_name":null,"money":null,"phone":null,"email":null,"skype":null,"position":null,"company":null,"photo":null,"id":76643938,"account":291341,"photo_url":null,"birthday":null,"created":"2025-11-28T17:07:18+03:00","tags":[],"links":[{"id":72202049,"status":186503,"updated":"2025-11-28T17:24:16+03:00","changed":"2025-11-28T17:24:16+03:00","vacancy":3936868}],"external":[{"id":76472841,"auth_type":"NATIVE","account_source":null,"updated":"2025-11-28T17:07:1...
💾 Сохранены данные кандидата в кэш: 76643938
❌ Email кандидата не найден в Huntflow
📅 Сгенерировано название события: JS Tech Screening | None ТЕСТ
✅ Найдена длительность скринингов для вакансии 'Frontend Engineer (React)': 45 минут
⏱️ Используем длительность скринингов: 45 минут
📝 Найден телеграм рекрутера: talent_softnetix
📝 Ссылка на телеграм: https://t.me/talent_softnetix
📝 Сопроводительный текст: Попрошу быть с камерой. Технический скрининг будет с секцией лайв-кодинга (нужно будет шарить экран)...
🔍 API запрос: GET https://api.huntflow.ru/v2/accounts
📥 Ответ API: 200
📥 Тело ответа: {"items":[{"id":291341,"name":"Softnetix","nick":"softnetix","member_type":"owner","production_calendar":1}]}...
🔗 Сгенерирована ссылка на Huntflow (prod): https://huntflow.ru/my/softnetix#/vacancy/3936868/filter/workon/id/76643938
👥 Добавляем пользователя в участники: andrei.golubenko@softnetix.io
🔍 Время с timezone: 2025-11-29 15:00:00+03:00
🔍 Время начала (UTC): 2025-11-29 12:00:00+00:00
🔍 Время окончания (UTC): 2025-11-29 12:45:00+00:00
🔍 Строка времени начала: 2025-11-29T12:00:00
🔍 Строка времени окончания: 2025-11-29T12:45:00
📅 Создаем событие: JS Tech Screening | None ТЕСТ
📅 Время начала: 2025-11-29T12:00:00
📅 Время окончания: 2025-11-29T12:45:00
📅 Данные события: {'summary': 'JS Tech Screening | None ТЕСТ', 'description': 'Попрошу быть с камерой. Технический скрининг будет с секцией лайв-кодинга (нужно будет шарить экран). Если возникнут вопросы - на связи в телеграм <a href="https://t.me/talent_softnetix">@talent_softnetix</a>\n\nДля интервьюеров:\nhttps://huntflow.ru/my/softnetix#/vacancy/3936868/filter/workon/id/76643938', 'location': '', 'start': {'dateTime': '2025-11-29T12:00:00', 'timeZone': 'UTC'}, 'end': {'dateTime': '2025-11-29T12:45:00', 'timeZone': 'UTC'}, 'attendees': [{'email': 'andrei.golubenko@softnetix.io'}], 'conferenceData': {'createRequest': {'requestId': 'meet-202511291500', 'conferenceSolutionKey': {'type': 'hangoutsMeet'}}}, 'reminders': {'useDefault': False, 'overrides': [{'method': 'email', 'minutes': 1440}, {'method': 'popup', 'minutes': 10}]}}
✅ Событие создано: JS Tech Screening | None ТЕСТ (2025-11-29 15:00:00+03:00 - 2025-11-29 15:45:00+03:00)
⏱️ Длительность: 45 минут
🔗 Ссылка на событие: https://www.google.com/calendar/event?eid=NmJib2V1bGY3NW9jNGhpaWtuZGV2bHY4aWcgYW5kcmVpLmdvbHViZW5rb0Bzb2Z0bmV0aXguaW8
🔗 Google Meet ссылка: https://meet.google.com/mgw-bbho-vyj
✅ Календарное событие создано: JS Tech Screening | None ТЕСТ
🔗 Ссылка на событие: https://www.google.com/calendar/event?eid=NmJib2V1bGY3NW9jNGhpaWtuZGV2bHY4aWcgYW5kcmVpLmdvbHViZW5rb0Bzb2Z0bmV0aXguaW8
🔍 Результат создания календарного события: True
[TECH_SCREENING_UPDATE] Календарное событие создано успешно, обновляем статус...
[TECH_SCREENING] Начинаем обновление статуса кандидата 76643938
[TECH_SCREENING] Импорты выполнены успешно
🔍 API запрос: GET https://api.huntflow.ru/v2/accounts
📥 Ответ API: 200
📥 Тело ответа: {"items":[{"id":291341,"name":"Softnetix","nick":"softnetix","member_type":"owner","production_calendar":1}]}...
[TECH_SCREENING] Получен account_id: 291341
🔍 TECH_SCREENING: Используем статус из вакансии: 186503
✅ Найдена длительность скринингов для вакансии 'Frontend Engineer (React)': 45 минут
[TECH_SCREENING] Кандидат: 76643938 -> Tech Screening
[TECH_SCREENING] Комментарий: Суббота, 29 ноября⋅15:00–15:45
[TECH_SCREENING] Используем статус ID: 186503
[TECH_SCREENING] Вызываем update_applicant_status...
🔍 API запрос: GET https://api.huntflow.ru/v2/accounts/291341/applicants/76643938
📥 Ответ API: 200
📥 Тело ответа: {"first_name":"ТЕСТ","last_name":null,"middle_name":null,"money":null,"phone":null,"email":null,"skype":null,"position":null,"company":null,"photo":null,"id":76643938,"account":291341,"photo_url":null,"birthday":null,"created":"2025-11-28T17:07:18+03:00","tags":[],"links":[{"id":72202049,"status":186503,"updated":"2025-11-28T17:24:16+03:00","changed":"2025-11-28T17:24:16+03:00","vacancy":3936868}],"external":[{"id":76472841,"auth_type":"NATIVE","account_source":null,"updated":"2025-11-28T17:07:1...
DEBUG: Обновляем статус кандидата 76643938 на статус 186503 для вакансии 3936868 с комментарием: Суббота, 29 ноября⋅15:00–15:45
DEBUG: Пробуем эндпоинт /accounts/291341/applicants/76643938/vacancy с данными {'vacancy': 3936868, 'status': 186503, 'comment': 'Суббота, 29 ноября⋅15:00–15:45'}
🔍 API запрос: POST https://api.huntflow.ru/v2/accounts/291341/applicants/76643938/vacancy
📤 JSON данные: {'vacancy': 3936868, 'status': 186503, 'comment': 'Суббота, 29 ноября⋅15:00–15:45'}
📥 Ответ API: 200
📥 Тело ответа: {"id":72202049,"changed":"2025-11-28T17:27:47+03:00","vacancy":3936868,"status":186503,"rejection_reason":null}...
DEBUG: Статус успешно обновлен через /accounts/291341/applicants/76643938/vacancy
🗑️ Сброшен кэш для кандидата: 76643938
[TECH_SCREENING] Результат update_applicant_status: {'id': 72202049, 'changed': '2025-11-28T17:27:47+03:00', 'vacancy': 3936868, 'status': 186503, 'rejection_reason': None}
[TECH_SCREENING] Успешно обновлен статус на Tech Screening
[TECH_SCREENING_UPDATE] Статус обновлен: True
✅ COMBINED_FORM_SAVE: Структура Google Drive создана
🔍 COMBINED_FORM_SAVE: Обрабатываем scorecard...
🚀 INVITE.process_scorecard: Начинаем обработку скоркарда для инвайта 403
📁 INVITE.process_scorecard: File ID: 14BP2G8Y53z-Ki99DyPBM2YA6tJtntE0BwMCZ6C4FPYc
👤 INVITE.process_scorecard: Кандидат: None ТЕСТ
🔍 INVITE.process_scorecard: Проверяем Google OAuth...
🔧 INVITE.process_scorecard: Создаем GoogleSheetsService...
📋 INVITE.process_scorecard: Вакансия найдена: Frontend Engineer (React) (ID: 3936868)
🔧 INVITE.process_scorecard: Создаем ScorecardProcessor...
▶️ INVITE.process_scorecard: Вызываем processor.process_scorecard...
🚀 SCORECARD: Начинаем обработку скоркарда для None ТЕСТ
📁 SCORECARD: File ID: 14BP2G8Y53z-Ki99DyPBM2YA6tJtntE0BwMCZ6C4FPYc
👤 SCORECARD: Кандидат: None ТЕСТ
📊 SCORECARD: Грейд: Middle
🔗 SCORECARD: candidate_url: https://huntflow.ru/my/softnetix#/vacancy/3936868/filter/186500/id/76643938
📋 SCORECARD: vacancy_id: 3936868
📄 SCORECARD: Шаг 1 - Обработка листов
📋 SCORECARD: Листы для сохранения: ['middle', 'all', 'score', "Task's"]
🔍 SCORECARD: Обработка листа: 'All' (keep: False, delete: False)
🔍 SCORECARD: Обработка листа: 'Score' (keep: False, delete: False)
🔍 SCORECARD: Обработка листа: 'Task's' (keep: True, delete: False)
🔍 SCORECARD: Обработка листа: 'Junior' (keep: False, delete: False)
🔍 SCORECARD: Обработка листа: 'Junior+' (keep: False, delete: False)
🔍 SCORECARD: Обработка листа: 'Middle' (keep: False, delete: False)
🔍 SCORECARD: Обработка листа: 'Middle+' (keep: False, delete: False)
🔍 SCORECARD: Обработка листа: 'Senior' (keep: False, delete: False)
✏️ SCORECARD: Шаг 2 - Заполнение полей и замена плейсхолдеров
🔄 SCORECARD: Начинаем замену плейсхолдеров в файле 14BP2G8Y53z-Ki99DyPBM2YA6tJtntE0BwMCZ6C4FPYc
🔍 API запрос: GET https://api.huntflow.ru/v2/accounts
📥 Ответ API: 200
📥 Тело ответа: {"items":[{"id":291341,"name":"Softnetix","nick":"softnetix","member_type":"owner","production_calendar":1}]}...
🔗 Сгенерирована ссылка на Huntflow (prod): https://huntflow.ru/my/softnetix#/vacancy/3936868/filter/workon/id/76643938[28/Nov/2025 17:28:08] "POST /google-oauth/chat/38/ajax/ HTTP/1.1" 200 5688
/Users/agolubenko/hrhelper/fullstack/backend/logic/scorecard/scorecard_processor.py changed, reloading.

🔗 SCORECARD: Получена ссылка Huntflow: https://huntflow.ru/my/softnetix#/vacancy/3936868/filter/workon/id/76643938
🔗 SCORECARD: Ссылка Huntflow: https://huntflow.ru/my/softnetix#/vacancy/3936868/filter/workon/id/76643938
📊 SCORECARD: Используем грейд из инвайте: Middle
📊 SCORECARD: Грейд кандидата: Middle
🔄 SCORECARD: Заменяем [HUNTFLOW_LINK] на https://huntflow.ru/my/softnetix#/vacancy/3936868/...
🔍 SCORECARD: Ищем '[HUNTFLOW_LINK]' для замены на 'https://huntflow.ru/my/softnetix#/vacancy/3936868/...'
📋 SCORECARD: Найдено листов: 1
📄 SCORECARD: Обрабатываем лист 'Task's' (ID: 383618631)
🔄 SCORECARD: Отправляем 1 запросов на замену
✅ SCORECARD: Заменено '[HUNTFLOW_LINK]' на 'https://huntflow.ru/my/softnetix#/vacancy/3936868/...' в 0 местах на 1 листах
⚠️ SCORECARD: Плейсхолдер '[HUNTFLOW_LINK]' не найден в таблице
⚠️ SCORECARD: Не удалось заменить [HUNTFLOW_LINK]
🔄 SCORECARD: Заменяем [LINK] на https://huntflow.ru/my/softnetix#/vacancy/3936868/...
🔍 SCORECARD: Ищем '[LINK]' для замены на 'https://huntflow.ru/my/softnetix#/vacancy/3936868/...'
📋 SCORECARD: Найдено листов: 1
📄 SCORECARD: Обрабатываем лист 'Task's' (ID: 383618631)
🔄 SCORECARD: Отправляем 1 запросов на замену
✅ SCORECARD: Заменено '[LINK]' на 'https://huntflow.ru/my/softnetix#/vacancy/3936868/...' в 0 местах на 1 листах
⚠️ SCORECARD: Плейсхолдер '[LINK]' не найден в таблице
⚠️ SCORECARD: Не удалось заменить [LINK]
🔄 SCORECARD: Заменяем [GRADE] на Middle
🔍 SCORECARD: Ищем '[GRADE]' для замены на 'Middle...'
📋 SCORECARD: Найдено листов: 1
📄 SCORECARD: Обрабатываем лист 'Task's' (ID: 383618631)
🔄 SCORECARD: Отправляем 1 запросов на замену
✅ SCORECARD: Заменено '[GRADE]' на 'Middle...' в 0 местах на 1 листах
⚠️ SCORECARD: Плейсхолдер '[GRADE]' не найден в таблице
⚠️ SCORECARD: Не удалось заменить [GRADE]
🔄 SCORECARD: Заменяем комбинированные плейсхолдеры
🔧 SCORECARD: Всего заменено плейсхолдеров: 0
🔍 API запрос: GET https://api.huntflow.ru/v2/accounts
📥 Ответ API: 200
📥 Тело ответа: {"items":[{"id":291341,"name":"Softnetix","nick":"softnetix","member_type":"owner","production_calendar":1}]}...
🔗 Сгенерирована ссылка на Huntflow (prod): https://huntflow.ru/my/softnetix#/vacancy/3936868/filter/workon/id/76643938
🔗 SCORECARD: Получена ссылка Huntflow: https://huntflow.ru/my/softnetix#/vacancy/3936868/filter/workon/id/76643938
📊 SCORECARD: Используем грейд из инвайте: Middle
✅ SCORECARD: Заполнено поле Task's!A1: Frontend Developer Scorecard
🔍 API запрос: GET https://api.huntflow.ru/v2/accounts
📥 Ответ API: 200
📥 Тело ответа: {"items":[{"id":291341,"name":"Softnetix","nick":"softnetix","member_type":"owner","production_calendar":1}]}...
🔗 Сгенерирована ссылка на Huntflow (prod): https://huntflow.ru/my/softnetix#/vacancy/3936868/filter/workon/id/76643938
🔗 SCORECARD: Получена ссылка Huntflow: https://huntflow.ru/my/softnetix#/vacancy/3936868/filter/workon/id/76643938
📊 SCORECARD: Используем грейд из инвайте: Middle
✅ SCORECARD: Заполнено поле Task's!B1: None ТЕСТ
🔍 API запрос: GET https://api.huntflow.ru/v2/accounts
📥 Ответ API: 200
📥 Тело ответа: {"items":[{"id":291341,"name":"Softnetix","nick":"softnetix","member_type":"owner","production_calendar":1}]}...
🔗 Сгенерирована ссылка на Huntflow (prod): https://huntflow.ru/my/softnetix#/vacancy/3936868/filter/workon/id/76643938
🔗 SCORECARD: Получена ссылка Huntflow: https://huntflow.ru/my/softnetix#/vacancy/3936868/filter/workon/id/76643938
📊 SCORECARD: Используем грейд из инвайте: Middle
✅ SCORECARD: Заполнено поле Task's!C1: Middle
📝 SCORECARD: Шаг 3 - Формирование названия файла
🔍 API запрос: GET https://api.huntflow.ru/v2/accounts
📥 Ответ API: 200
📥 Тело ответа: {"items":[{"id":291341,"name":"Softnetix","nick":"softnetix","member_type":"owner","production_calendar":1}]}...
🔗 Сгенерирована ссылка на Huntflow (prod): https://huntflow.ru/my/softnetix#/vacancy/3936868/filter/workon/id/76643938
🔗 SCORECARD: Получена ссылка Huntflow: https://huntflow.ru/my/softnetix#/vacancy/3936868/filter/workon/id/76643938
📊 SCORECARD: Используем грейд из инвайте: Middle
✅ SCORECARD: Обработка завершена успешно
📊 INVITE.process_scorecard: Результат: success=True, errors=[]
✅ INVITE.process_scorecard: Scorecard обработан. Сохранены листы: Task's. Удалены листы: All, Score, Junior, Junior+, Middle, Middle+, Senior. Выполнено действий: 1.
✅ COMBINED_FORM_SAVE: Scorecard обработан
🔍 COMBINED_FORM_SAVE: Добавляем метку интервьюера в Huntflow...
🔍 INTERVIEWER_TAG: Начинаем добавление метки интервьюера...
ℹ️ INTERVIEWER_TAG: Нет интервьюера для добавления метки в Huntflow
✅ COMBINED_FORM_SAVE: Метка интервьюера добавлена
✅ COMBINED_FORM_SAVE: Инвайт сохранен с ID: 403
🔍 CHAT AJAX: Последнее системное сообщение: Инвайт - 28.11.2025 14:28 (type: invite)
🔍 CHAT AJAX: Рендерим HTML для сообщения типа: invite
🔍 CHAT AJAX: HTML сгенерирован, длина: 4730
Watching for file changes with StatReloader
Performing system checks...

System check identified no issues (0 silenced).
November 28, 2025 - 17:30:27
Django version 4.2.16, using settings 'config.settings'
Starting development server at http://127.0.0.1:8000/
Quit the server with CONTROL-C.

🔍 CHAT AJAX HANDLER: Получен запрос на session_id=38
🔍 CHAT AJAX HANDLER: Метод=POST, Content-Type=application/json
🔍 CHAT AJAX: Анализируем сообщение: '/in https://huntflow.ru/my/softnetix#/vacancy/3936868/filter/186500/id/76643938
pfdnhf 16'
🔍 CHAT AJAX: action_type_from_js: 'invite' (type: <class 'str'>, bool: True)
🔍 CHAT AJAX: Команда /in обнаружена в тексте - принудительный инвайт
🔍 CHAT AJAX: ФИНАЛЬНЫЙ action_type: 'invite'
🔍 CLEAN_COMBINED_DATA: combined_data = 'https://huntflow.ru/my/softnetix#/vacancy/3936868/filter/186500/id/76643938
pfdnhf 16'
🔍 CLEAN_COMBINED_DATA: Найдено URLs: ['https://huntflow.ru/my/softnetix#/vacancy/3936868/filter/186500/id/76643938']
✅ CLEAN_COMBINED_DATA: URL извлечен: https://huntflow.ru/my/softnetix#/vacancy/3936868/filter/186500/id/76643938
✅ CLEAN_COMBINED_DATA: Весь текст сохранен для парсера: 'https://huntflow.ru/my/softnetix#/vacancy/3936868/filter/186500/id/76643938
pfdnhf 16'
🔍 COMBINED_FORM_CLEAN: Начинаем очистку формы
🔍 COMBINED_FORM_CLEAN: cleaned_data keys: ['candidate_url', 'interview_datetime', 'combined_data', 'selected_interviewer']
🔍 COMBINED_FORM_CLEAN: combined_data: https://huntflow.ru/my/softnetix#/vacancy/3936868/filter/186500/id/76643938
pfdnhf 16
🔍 COMBINED_FORM_CLEAN: URL извлечен, дату обработает парсер
🔍 COMBINED_FORM_CLEAN: Финальные cleaned_data: {'candidate_url': 'https://huntflow.ru/my/softnetix#/vacancy/3936868/filter/186500/id/76643938', 'interview_datetime': None, 'combined_data': 'https://huntflow.ru/my/softnetix#/vacancy/3936868/filter/186500/id/76643938\npfdnhf 16', 'selected_interviewer': ''}
🔍 COMBINED_FORM_SAVE: Начинаем сохранение инвайта...
🔍 COMBINED_FORM_SAVE: Установлен email пользователя: andrei.golubenko@softnetix.io
🔍 COMBINED_FORM_SAVE: Сохранены исходные данные: https://huntflow.ru/my/softnetix#/vacancy/3936868/filter/186500/id/76643938
pfdnhf 16...
🔍 COMBINED_FORM_SAVE: Инвайт создан, user: andrei.golubenko
🔍 COMBINED_FORM_SAVE: Парсим URL...
🔍 API запрос: GET https://api.huntflow.ru/v2/accounts
📥 Ответ API: 200
📥 Тело ответа: {"items":[{"id":291341,"name":"Softnetix","nick":"softnetix","member_type":"owner","production_calendar":1}]}...
🔍 PARSE_URL: Используем первый доступный account_id: 291341
✅ COMBINED_FORM_SAVE: URL распарсен успешно
🔍 COMBINED_FORM_SAVE: Получаем информацию о кандидате...
🔍 API запрос: GET https://api.huntflow.ru/v2/accounts
📥 Ответ API: 200
📥 Тело ответа: {"items":[{"id":291341,"name":"Softnetix","nick":"softnetix","member_type":"owner","production_calendar":1}]}...
🔍 GET_CANDIDATE_INFO: Автоматически получен account_id: 291341
🔍 API запрос: GET https://api.huntflow.ru/v2/accounts/291341/applicants/76643938
📥 Ответ API: 200
📥 Тело ответа: {"first_name":"ТЕСТ","last_name":null,"middle_name":null,"money":null,"phone":null,"email":null,"skype":null,"position":null,"company":null,"photo":null,"id":76643938,"account":291341,"photo_url":null,"birthday":null,"created":"2025-11-28T17:07:18+03:00","tags":[],"links":[{"id":72202049,"status":186503,"updated":"2025-11-28T17:27:47+03:00","changed":"2025-11-28T17:27:47+03:00","vacancy":3936868}],"external":[{"id":76472841,"auth_type":"NATIVE","account_source":null,"updated":"2025-11-28T17:07:1...
💾 Сохранены данные кандидата в кэш: 76643938
🔍 API запрос: GET https://api.huntflow.ru/v2/accounts/291341/applicants/76643938/questionary
📥 Ответ API: 200
📥 Тело ответа: {"kIbah4MN0iHussXm3n2Ar":"Middle","oMvUCpzbKSzzhPLUCwmGW":"https://docs.google.com/spreadsheets/d/14BP2G8Y53z-Ki99DyPBM2YA6tJtntE0BwMCZ6C4FPYc/edit","CsWOTYehY2IkL3I7myfwM":null,"YAMd8vkvLFq5KLmIkiLVf":null,"n-U2tU6G5iBoxSPkXFN7F":null,"S58S9DFqO7w-JzDbF2HJA":null,"c8wID33nTMvoCpJmtngyq":null,"Ew3LqHTK8SL67j2VQ-n6y":null,"DoOdxUlwbb0nILXQGBDaT":null,"ICXvQX-WT9eleJW-QlVa9":null,"RMLxfRH9raQtHItMcdeq-":null,"X6qYbAqZnb0q1R3VMumbH":null,"bfPBtccRoL5s_7xyLXuia":null}...
РЕАЛЬНЫЕ ДАННЫЕ: Доступные активные грейды компании: ['Junior', 'Junior+', 'Middle', 'Middle+', 'Senior']
РЕАЛЬНЫЕ ДАННЫЕ: Не удалось получить схему анкеты: HuntflowService.get_applicant_questionary_schema() takes 2 positional arguments but 3 were given
РЕАЛЬНЫЕ ДАННЫЕ: Найден уровень по значению: Middle (поле: kIbah4MN0iHussXm3n2Ar)
РЕАЛЬНЫЕ ДАННЫЕ: ✅ Найден уровень в анкете: Middle (поле: kIbah4MN0iHussXm3n2Ar)
РЕАЛЬНЫЕ ДАННЫЕ: Получена информация о кандидате 76643938
РЕАЛЬНЫЕ ДАННЫЕ: Имя: None ТЕСТ
РЕАЛЬНЫЕ ДАННЫЕ: Уровень: Middle
✅ COMBINED_FORM_SAVE: Информация о кандидате получена
🔍 COMBINED_FORM_SAVE: Получаем информацию о вакансии...
ЛОКАЛЬНЫЕ ДАННЫЕ: Найдена вакансия в локальной БД: Frontend Engineer (React)
ЛОКАЛЬНЫЕ ДАННЫЕ: Шаблон scorecard: https://docs.google.com/spreadsheets/d/1Zz61HtsXAWvfHtlTucfJQnJEDCKLwcVRybmT9BHfZqg/edit?gid=1164423222#gid=1164423222
ЛОКАЛЬНЫЕ ДАННЫЕ: Длительность скринингов: 45 минут
✅ COMBINED_FORM_SAVE: Информация о вакансии получена
🤖 COMBINED_FORM_SAVE: Анализируем время с помощью парсера...
🔍 [ENHANCED_PARSER] Анализируем текст пользователя andrei.golubenko
🔍 [ENHANCED_PARSER] Текст для анализа: pfdnhf 16...
📅 [BOOKINGS] Получаем существующие бронирования...
💾 Сохранены события календаря в кэш: 48 событий
✅ [BOOKINGS] Найдено событий: 48
✅ [PARSER_INIT] Загружены полные словари: 194 дней недели, 3156 месяцев
[ENHANCED_PARSER] Исходный текст: pfdnhf 16
[ENHANCED_PARSER] Нормализованный текст: завтра 16
[ENHANCED_PARSER] Найдена относительная дата: 2025-11-29 17:31:33.841918+03:00
[ENHANCED_PARSER] Найдено время: (16, 0)
⚠️ [SLOT_CHECK] Ошибка проверки события: can't compare offset-naive and offset-aware datetimes
⚠️ [SLOT_CHECK] Ошибка проверки события: can't compare offset-naive and offset-aware datetimes
✅ [SLOT_CHECK] Слот 29.11 16:00 свободен
[ENHANCED_PARSER] Итоговый результат: 29.11.2025 16:00
[ENHANCED_PARSER] Уверенность: 0.95
[ENHANCED_PARSER] Исправлений: 1
✅ [ENHANCED_PARSER] Определена дата/время: 29.11.2025 16:00
📊 [ENHANCED_PARSER] Уверенность: 0.95
🔧 [ENHANCED_PARSER] Исправлений: 1
✔️ [ENHANCED_PARSER] Валидация: Пройдена
  🔧 keyboard_layout: pfdnhf → завтра
📅 [ENHANCED_PARSER] Альтернативные слоты:
  - 06.12.2025 16:00 (уверенность: 0.85)
  - 01.12.2025 16:00 (уверенность: 0.80)
  - 29.11.2025 14:00 (уверенность: 0.75)
✅ COMBINED_FORM_SAVE: Время проанализировано с помощью парсера
✅ COMBINED_FORM_SAVE: Дата интервью установлена из парсера: 2025-11-29 16:00:00+03:00
🔍 COMBINED_FORM_SAVE: Извлекаем кастомную длительность...
ℹ️ COMBINED_FORM_SAVE: Кастомная длительность не найдена, будет использована стандартная
🔍 COMBINED_FORM_SAVE: Создаем структуру Google Drive...
ЛОКАЛЬНЫЕ ДАННЫЕ: Используем scorecard из локальной БД: | Scorecard FE
ЛОКАЛЬНЫЕ ДАННЫЕ: Ссылка на шаблон: https://docs.google.com/spreadsheets/d/1Zz61HtsXAWvfHtlTucfJQnJEDCKLwcVRybmT9BHfZqg/edit?gid=1164423222#gid=1164423222
🔍 SAMPLE_DATA: Подготавливаем данные для генерации пути папок
🔍 SAMPLE_DATA: candidate_name = 'None ТЕСТ'
🔍 SAMPLE_DATA: vacancy_title = 'Frontend Engineer (React)'
🔍 SAMPLE_DATA: interview_datetime = '2025-11-29 16:00:00+03:00'
🔍 SAMPLE_DATA: Подготовленные данные:
🔍 SAMPLE_DATA:   date = '29.11.2025'
🔍 SAMPLE_DATA:   day = '29'
🔍 SAMPLE_DATA:   week_number = '48'
🔍 SAMPLE_DATA:   week_short_en = 'W48'
🔍 SAMPLE_DATA:   week_short_ru = 'Н48'
🔍 SAMPLE_DATA:   week_full_en = 'Week 48'
🔍 SAMPLE_DATA:   week_full_ru = 'Неделя 48'
🔍 SAMPLE_DATA:   month_num = '11'
🔍 SAMPLE_DATA:   month_short_ru = 'ноя'
🔍 SAMPLE_DATA:   month_short_en = 'Nov'
🔍 SAMPLE_DATA:   month_full_ru = 'ноябрь'
🔍 SAMPLE_DATA:   month_full_en = 'November'
🔍 SAMPLE_DATA:   weekday_short_ru = 'СБ'
🔍 SAMPLE_DATA:   weekday_short_en = 'Sat'
🔍 SAMPLE_DATA:   weekday_full_ru = 'Суббота'
🔍 SAMPLE_DATA:   weekday_full_en = 'Saturday'
🔍 SAMPLE_DATA:   year_short = '25'
🔍 SAMPLE_DATA:   year_full = '2025'
🔍 SAMPLE_DATA:   candidate_first_name = 'ТЕСТ'
🔍 SAMPLE_DATA:   candidate_last_name = 'None'
🔍 SAMPLE_DATA:   candidate_middle_name = ''
🔍 SAMPLE_DATA:   candidate_id = '76643938'
🔍 SAMPLE_DATA:   vacancy_title = 'Frontend Engineer (React)'
🔍 SAMPLE_DATA:   vacancy_id = '3936868'
🔍 FOLDER_GEN: Обрабатываем элемент: type=text, value='automations'
🔍 FOLDER_GEN: Text элемент: 'automations'
🔍 FOLDER_GEN: Добавлена папка: 'automations'
🔍 FOLDER_GEN: Обрабатываем элемент: type=mixed, value='[vacancy_title]'
🔍 FOLDER_GEN: Mixed элемент: '[vacancy_title]' -> 'Frontend Engineer (React)'
🔍 FOLDER_GEN: Добавлена папка: 'Frontend Engineer (React)'
🔍 FOLDER_GEN: Обрабатываем элемент: type=mixed, value='[year_full]'
🔍 FOLDER_GEN: Mixed элемент: '[year_full]' -> '2025'
🔍 FOLDER_GEN: Добавлена папка: '2025'
🔍 FOLDER_GEN: Обрабатываем элемент: type=mixed, value='[month_num] [month_full_ru]'
🔍 FOLDER_GEN: Mixed элемент: '[month_num] [month_full_ru]' -> '11 ноябрь'
🔍 FOLDER_GEN: Добавлена папка: '11 ноябрь'
🔍 FOLDER_GEN: Обрабатываем элемент: type=mixed, value='[day] [month_full_ru] ([weekday_short_ru])'
🔍 FOLDER_GEN: Mixed элемент: '[day] [month_full_ru] ([weekday_short_ru])' -> '29 ноябрь (СБ)'
🔍 FOLDER_GEN: Добавлена папка: '29 ноябрь (СБ)'
НАСТРОЙКИ ПАПОК: Структура папок: automations/Frontend Engineer (React)/2025/11 ноябрь/29 ноябрь (СБ)
НАСТРОЙКИ ПАПОК: База названия файла: None ТЕСТ
РЕАЛЬНЫЕ ДАННЫЕ: Создана структура папок: automations/Frontend Engineer (React)/2025/11 ноябрь/29 ноябрь (СБ)
РЕАЛЬНЫЕ ДАННЫЕ: ID папки: 1surfRQ1vpQmB6xGxpnsYllEP7UZs__ZQ
РЕАЛЬНЫЕ ДАННЫЕ: ID файла: 1Nngd99Xq7KCRQoBeo4fP460W3MHYcC4kJKEQlKRvNfQ
РЕАЛЬНЫЕ ДАННЫЕ: Ссылка: https://docs.google.com/spreadsheets/d/1Nngd99Xq7KCRQoBeo4fP460W3MHYcC4kJKEQlKRvNfQ/edit
РЕАЛЬНЫЕ ДАННЫЕ: Название файла: None ТЕСТ | Scorecard FE
🔍 API запрос: GET https://api.huntflow.ru/v2/accounts
📥 Ответ API: 200
📥 Тело ответа: {"items":[{"id":291341,"name":"Softnetix","nick":"softnetix","member_type":"owner","production_calendar":1}]}...
🔍 API запрос: GET https://api.huntflow.ru/v2/accounts/291341/applicants/questionary
📥 Ответ API: 200
📥 Тело ответа: {"kIbah4MN0iHussXm3n2Ar":{"type":"select","id":3059,"title":"Уровень","required":false,"order":1,"values":["Junior","Junior+","Middle","Middle+","Senior"],"show_in_profile":true,"account":291341,"is_archived":false,"disableAutofill":true,"search_field":"string_field_1","search_filter":true},"oMvUCpzbKSzzhPLUCwmGW":{"type":"url","id":3067,"title":"Scorecard","required":false,"order":2,"show_in_profile":true,"account":291341,"is_archived":false,"placeholder":"","search_field":"string_field_7","sea...
🔍 Найдено поле Scorecard в схеме: oMvUCpzbKSzzhPLUCwmGW = Scorecard (тип: url)
📝 Обновляем поле Scorecard oMvUCpzbKSzzhPLUCwmGW со ссылкой: https://docs.google.com/spreadsheets/d/1Nngd99Xq7KCRQoBeo4fP460W3MHYcC4kJKEQlKRvNfQ/edit
DEBUG: Пробуем обновить анкету через /accounts/291341/applicants/76643938/questionary с данными {'oMvUCpzbKSzzhPLUCwmGW': 'https://docs.google.com/spreadsheets/d/1Nngd99Xq7KCRQoBeo4fP460W3MHYcC4kJKEQlKRvNfQ/edit'}
🔍 API запрос: PATCH https://api.huntflow.ru/v2/accounts/291341/applicants/76643938/questionary
📤 JSON данные: {'oMvUCpzbKSzzhPLUCwmGW': 'https://docs.google.com/spreadsheets/d/1Nngd99Xq7KCRQoBeo4fP460W3MHYcC4kJKEQlKRvNfQ/edit'}
📥 Ответ API: 200
📥 Тело ответа: {"kIbah4MN0iHussXm3n2Ar":"Middle","oMvUCpzbKSzzhPLUCwmGW":"https://docs.google.com/spreadsheets/d/1Nngd99Xq7KCRQoBeo4fP460W3MHYcC4kJKEQlKRvNfQ/edit","CsWOTYehY2IkL3I7myfwM":null,"YAMd8vkvLFq5KLmIkiLVf":null,"n-U2tU6G5iBoxSPkXFN7F":null,"S58S9DFqO7w-JzDbF2HJA":null,"c8wID33nTMvoCpJmtngyq":null,"Ew3LqHTK8SL67j2VQ-n6y":null,"DoOdxUlwbb0nILXQGBDaT":null,"ICXvQX-WT9eleJW-QlVa9":null,"RMLxfRH9raQtHItMcdeq-":null,"X6qYbAqZnb0q1R3VMumbH":null,"bfPBtccRoL5s_7xyLXuia":null}...
🗑️ Сброшен кэш для кандидата: 76643938
✅ Поле Scorecard обновлено со ссылкой на scorecard
✅ Поле 'Scorecard' в Huntflow обновлено со ссылкой на scorecard
🔍 Создаем календарное событие...
🔍 API запрос: GET https://api.huntflow.ru/v2/accounts
📥 Ответ API: 200
📥 Тело ответа: {"items":[{"id":291341,"name":"Softnetix","nick":"softnetix","member_type":"owner","production_calendar":1}]}...
🔍 API запрос: GET https://api.huntflow.ru/v2/accounts/291341/applicants/76643938
📥 Ответ API: 200
📥 Тело ответа: {"first_name":"ТЕСТ","last_name":null,"middle_name":null,"money":null,"phone":null,"email":null,"skype":null,"position":null,"company":null,"photo":null,"id":76643938,"account":291341,"photo_url":null,"birthday":null,"created":"2025-11-28T17:07:18+03:00","tags":[],"links":[{"id":72202049,"status":186503,"updated":"2025-11-28T17:27:47+03:00","changed":"2025-11-28T17:27:47+03:00","vacancy":3936868}],"external":[{"id":76472841,"auth_type":"NATIVE","account_source":null,"updated":"2025-11-28T17:07:1...
💾 Сохранены данные кандидата в кэш: 76643938
❌ Email кандидата не найден в Huntflow
📅 Сгенерировано название события: JS Tech Screening | None ТЕСТ
✅ Найдена длительность скринингов для вакансии 'Frontend Engineer (React)': 45 минут
⏱️ Используем длительность скринингов: 45 минут
📝 Найден телеграм рекрутера: talent_softnetix
📝 Ссылка на телеграм: https://t.me/talent_softnetix
📝 Сопроводительный текст: Попрошу быть с камерой. Технический скрининг будет с секцией лайв-кодинга (нужно будет шарить экран)...
🔍 API запрос: GET https://api.huntflow.ru/v2/accounts
📥 Ответ API: 200
📥 Тело ответа: {"items":[{"id":291341,"name":"Softnetix","nick":"softnetix","member_type":"owner","production_calendar":1}]}...
🔗 Сгенерирована ссылка на Huntflow (prod): https://huntflow.ru/my/softnetix#/vacancy/3936868/filter/workon/id/76643938
👥 Добавляем пользователя в участники: andrei.golubenko@softnetix.io
🔍 Время с timezone: 2025-11-29 16:00:00+03:00
🔍 Время начала (UTC): 2025-11-29 13:00:00+00:00
🔍 Время окончания (UTC): 2025-11-29 13:45:00+00:00
🔍 Строка времени начала: 2025-11-29T13:00:00
🔍 Строка времени окончания: 2025-11-29T13:45:00
📅 Создаем событие: JS Tech Screening | None ТЕСТ
📅 Время начала: 2025-11-29T13:00:00
📅 Время окончания: 2025-11-29T13:45:00
📅 Данные события: {'summary': 'JS Tech Screening | None ТЕСТ', 'description': 'Попрошу быть с камерой. Технический скрининг будет с секцией лайв-кодинга (нужно будет шарить экран). Если возникнут вопросы - на связи в телеграм <a href="https://t.me/talent_softnetix">@talent_softnetix</a>\n\nДля интервьюеров:\nhttps://huntflow.ru/my/softnetix#/vacancy/3936868/filter/workon/id/76643938', 'location': '', 'start': {'dateTime': '2025-11-29T13:00:00', 'timeZone': 'UTC'}, 'end': {'dateTime': '2025-11-29T13:45:00', 'timeZone': 'UTC'}, 'attendees': [{'email': 'andrei.golubenko@softnetix.io'}], 'conferenceData': {'createRequest': {'requestId': 'meet-202511291600', 'conferenceSolutionKey': {'type': 'hangoutsMeet'}}}, 'reminders': {'useDefault': False, 'overrides': [{'method': 'email', 'minutes': 1440}, {'method': 'popup', 'minutes': 10}]}}
✅ Событие создано: JS Tech Screening | None ТЕСТ (2025-11-29 16:00:00+03:00 - 2025-11-29 16:45:00+03:00)
⏱️ Длительность: 45 минут
🔗 Ссылка на событие: https://www.google.com/calendar/event?eid=dHQ1ZHU1bjZodGxlNTkzajRpYmU4YzJpbTQgYW5kcmVpLmdvbHViZW5rb0Bzb2Z0bmV0aXguaW8
🔗 Google Meet ссылка: https://meet.google.com/mjr-onsh-udq
✅ Календарное событие создано: JS Tech Screening | None ТЕСТ
🔗 Ссылка на событие: https://www.google.com/calendar/event?eid=dHQ1ZHU1bjZodGxlNTkzajRpYmU4YzJpbTQgYW5kcmVpLmdvbHViZW5rb0Bzb2Z0bmV0aXguaW8
🔍 Результат создания календарного события: True
[TECH_SCREENING_UPDATE] Календарное событие создано успешно, обновляем статус...
[TECH_SCREENING] Начинаем обновление статуса кандидата 76643938
[TECH_SCREENING] Импорты выполнены успешно
🔍 API запрос: GET https://api.huntflow.ru/v2/accounts
📥 Ответ API: 200
📥 Тело ответа: {"items":[{"id":291341,"name":"Softnetix","nick":"softnetix","member_type":"owner","production_calendar":1}]}...
[TECH_SCREENING] Получен account_id: 291341
🔍 TECH_SCREENING: Используем статус из вакансии: 186503
✅ Найдена длительность скринингов для вакансии 'Frontend Engineer (React)': 45 минут
[TECH_SCREENING] Кандидат: 76643938 -> Tech Screening
[TECH_SCREENING] Комментарий: Суббота, 29 ноября⋅16:00–16:45
[TECH_SCREENING] Используем статус ID: 186503
[TECH_SCREENING] Вызываем update_applicant_status...
🔍 API запрос: GET https://api.huntflow.ru/v2/accounts/291341/applicants/76643938
📥 Ответ API: 200
📥 Тело ответа: {"first_name":"ТЕСТ","last_name":null,"middle_name":null,"money":null,"phone":null,"email":null,"skype":null,"position":null,"company":null,"photo":null,"id":76643938,"account":291341,"photo_url":null,"birthday":null,"created":"2025-11-28T17:07:18+03:00","tags":[],"links":[{"id":72202049,"status":186503,"updated":"2025-11-28T17:27:47+03:00","changed":"2025-11-28T17:27:47+03:00","vacancy":3936868}],"external":[{"id":76472841,"auth_type":"NATIVE","account_source":null,"updated":"2025-11-28T17:07:1...
DEBUG: Обновляем статус кандидата 76643938 на статус 186503 для вакансии 3936868 с комментарием: Суббота, 29 ноября⋅16:00–16:45
DEBUG: Пробуем эндпоинт /accounts/291341/applicants/76643938/vacancy с данными {'vacancy': 3936868, 'status': 186503, 'comment': 'Суббота, 29 ноября⋅16:00–16:45'}
🔍 API запрос: POST https://api.huntflow.ru/v2/accounts/291341/applicants/76643938/vacancy
📤 JSON данные: {'vacancy': 3936868, 'status': 186503, 'comment': 'Суббота, 29 ноября⋅16:00–16:45'}
📥 Ответ API: 200
📥 Тело ответа: {"id":72202049,"changed":"2025-11-28T17:31:45+03:00","vacancy":3936868,"status":186503,"rejection_reason":null}...
DEBUG: Статус успешно обновлен через /accounts/291341/applicants/76643938/vacancy
🗑️ Сброшен кэш для кандидата: 76643938
[TECH_SCREENING] Результат update_applicant_status: {'id': 72202049, 'changed': '2025-11-28T17:31:45+03:00', 'vacancy': 3936868, 'status': 186503, 'rejection_reason': None}
[TECH_SCREENING] Успешно обновлен статус на Tech Screening
[TECH_SCREENING_UPDATE] Статус обновлен: True
✅ COMBINED_FORM_SAVE: Структура Google Drive создана
🔍 COMBINED_FORM_SAVE: Обрабатываем scorecard...
🚀 INVITE.process_scorecard: Начинаем обработку скоркарда для инвайта 404
📁 INVITE.process_scorecard: File ID: 1Nngd99Xq7KCRQoBeo4fP460W3MHYcC4kJKEQlKRvNfQ
👤 INVITE.process_scorecard: Кандидат: None ТЕСТ
🔍 INVITE.process_scorecard: Проверяем Google OAuth...
🔧 INVITE.process_scorecard: Создаем GoogleSheetsService...
📋 INVITE.process_scorecard: Вакансия найдена: Frontend Engineer (React) (ID: 3936868)
🔧 INVITE.process_scorecard: Создаем ScorecardProcessor...
▶️ INVITE.process_scorecard: Вызываем processor.process_scorecard...
🚀 SCORECARD: Начинаем обработку скоркарда для None ТЕСТ
📁 SCORECARD: File ID: 1Nngd99Xq7KCRQoBeo4fP460W3MHYcC4kJKEQlKRvNfQ
👤 SCORECARD: Кандидат: None ТЕСТ
📊 SCORECARD: Грейд: Middle
🔗 SCORECARD: candidate_url: https://huntflow.ru/my/softnetix#/vacancy/3936868/filter/186500/id/76643938
📋 SCORECARD: vacancy_id: 3936868
📄 SCORECARD: Шаг 1 - Обработка листов
📋 SCORECARD: Листы для сохранения: ['middle', 'all', 'score', "Task's"]
🔍 SCORECARD: Обработка листа: 'All' (keep: True, delete: False)
🔍 SCORECARD: Обработка листа: 'Score' (keep: True, delete: False)
🔍 SCORECARD: Обработка листа: 'Task's' (keep: True, delete: False)
🔍 SCORECARD: Обработка листа: 'Junior' (keep: False, delete: False)
🔍 SCORECARD: Обработка листа: 'Junior+' (keep: False, delete: False)
🔍 SCORECARD: Обработка листа: 'Middle' (keep: True, delete: False)
🔍 SCORECARD: Обработка листа: 'Middle+' (keep: False, delete: False)
🔍 SCORECARD: Обработка листа: 'Senior' (keep: False, delete: False)
✏️ SCORECARD: Шаг 2 - Заполнение полей и замена плейсхолдеров
🔄 SCORECARD: Начинаем замену плейсхолдеров в файле 1Nngd99Xq7KCRQoBeo4fP460W3MHYcC4kJKEQlKRvNfQ
🔍 API запрос: GET https://api.huntflow.ru/v2/accounts
📥 Ответ API: 200
📥 Тело ответа: {"items":[{"id":291341,"name":"Softnetix","nick":"softnetix","member_type":"owner","production_calendar":1}]}...
🔗 Сгенерирована ссылка на Huntflow (prod): https://huntflow.ru/my/softnetix#/vacancy/3936868/filter/workon/id/76643938[28/Nov/2025 17:32:03] "POST /google-oauth/chat/38/ajax/ HTTP/1.1" 200 5688
[28/Nov/2025 17:34:09] "POST /google-oauth/invites/404/invitation-text/ HTTP/1.1" 200 1080
[28/Nov/2025 17:34:10] "GET /google-oauth/api/interviewers-autocomplete/?vacancy_id=1&q=talent_softnetix HTTP/1.1" 200 32
/Users/agolubenko/hrhelper/fullstack/backend/apps/google_oauth/services.py changed, reloading.

🔗 SCORECARD: Получена ссылка Huntflow: https://huntflow.ru/my/softnetix#/vacancy/3936868/filter/workon/id/76643938
🔗 SCORECARD: Ссылка Huntflow: https://huntflow.ru/my/softnetix#/vacancy/3936868/filter/workon/id/76643938
📊 SCORECARD: Используем грейд из инвайте: Middle
📊 SCORECARD: Грейд кандидата: Middle
🔄 SCORECARD: Заменяем [HUNTFLOW_LINK] на https://huntflow.ru/my/softnetix#/vacancy/3936868/...
🔍 SCORECARD: Ищем '[HUNTFLOW_LINK]' для замены на 'https://huntflow.ru/my/softnetix#/vacancy/3936868/...'
📋 SCORECARD: Найдено листов: 4
📄 SCORECARD: Обрабатываем лист 'All' (ID: 0)
📄 SCORECARD: Обрабатываем лист 'Score' (ID: 1731548142)
📄 SCORECARD: Обрабатываем лист 'Task's' (ID: 383618631)
📄 SCORECARD: Обрабатываем лист 'Middle' (ID: 414376671)
🔄 SCORECARD: Отправляем 4 запросов на замену
✅ SCORECARD: Заменено '[HUNTFLOW_LINK]' на 'https://huntflow.ru/my/softnetix#/vacancy/3936868/...' в 0 местах на 4 листах
⚠️ SCORECARD: Плейсхолдер '[HUNTFLOW_LINK]' не найден в таблице
⚠️ SCORECARD: Не удалось заменить [HUNTFLOW_LINK]
🔄 SCORECARD: Заменяем [LINK] на https://huntflow.ru/my/softnetix#/vacancy/3936868/...
🔍 SCORECARD: Ищем '[LINK]' для замены на 'https://huntflow.ru/my/softnetix#/vacancy/3936868/...'
📋 SCORECARD: Найдено листов: 4
📄 SCORECARD: Обрабатываем лист 'All' (ID: 0)
📄 SCORECARD: Обрабатываем лист 'Score' (ID: 1731548142)
📄 SCORECARD: Обрабатываем лист 'Task's' (ID: 383618631)
📄 SCORECARD: Обрабатываем лист 'Middle' (ID: 414376671)
🔄 SCORECARD: Отправляем 4 запросов на замену
✅ SCORECARD: Заменено '[LINK]' на 'https://huntflow.ru/my/softnetix#/vacancy/3936868/...' в 1 местах на 4 листах
✅ SCORECARD: [LINK] заменен успешно
🔄 SCORECARD: Заменяем [GRADE] на Middle
🔍 SCORECARD: Ищем '[GRADE]' для замены на 'Middle...'
📋 SCORECARD: Найдено листов: 4
📄 SCORECARD: Обрабатываем лист 'All' (ID: 0)
📄 SCORECARD: Обрабатываем лист 'Score' (ID: 1731548142)
📄 SCORECARD: Обрабатываем лист 'Task's' (ID: 383618631)
📄 SCORECARD: Обрабатываем лист 'Middle' (ID: 414376671)
🔄 SCORECARD: Отправляем 4 запросов на замену
✅ SCORECARD: Заменено '[GRADE]' на 'Middle...' в 1 местах на 4 листах
✅ SCORECARD: [GRADE] заменен успешно
🔄 SCORECARD: Заменяем комбинированные плейсхолдеры
🔧 SCORECARD: Всего заменено плейсхолдеров: 2
🔍 API запрос: GET https://api.huntflow.ru/v2/accounts
📥 Ответ API: 200
📥 Тело ответа: {"items":[{"id":291341,"name":"Softnetix","nick":"softnetix","member_type":"owner","production_calendar":1}]}...
🔗 Сгенерирована ссылка на Huntflow (prod): https://huntflow.ru/my/softnetix#/vacancy/3936868/filter/workon/id/76643938
🔗 SCORECARD: Получена ссылка Huntflow: https://huntflow.ru/my/softnetix#/vacancy/3936868/filter/workon/id/76643938
📊 SCORECARD: Используем грейд из инвайте: Middle
✅ SCORECARD: Заполнено поле All!A1: Frontend Developer Scorecard
🔍 API запрос: GET https://api.huntflow.ru/v2/accounts
📥 Ответ API: 200
📥 Тело ответа: {"items":[{"id":291341,"name":"Softnetix","nick":"softnetix","member_type":"owner","production_calendar":1}]}...
🔗 Сгенерирована ссылка на Huntflow (prod): https://huntflow.ru/my/softnetix#/vacancy/3936868/filter/workon/id/76643938
🔗 SCORECARD: Получена ссылка Huntflow: https://huntflow.ru/my/softnetix#/vacancy/3936868/filter/workon/id/76643938
📊 SCORECARD: Используем грейд из инвайте: Middle
✅ SCORECARD: Заполнено поле All!B1: None ТЕСТ
🔍 API запрос: GET https://api.huntflow.ru/v2/accounts
📥 Ответ API: 200
📥 Тело ответа: {"items":[{"id":291341,"name":"Softnetix","nick":"softnetix","member_type":"owner","production_calendar":1}]}...
🔗 Сгенерирована ссылка на Huntflow (prod): https://huntflow.ru/my/softnetix#/vacancy/3936868/filter/workon/id/76643938
🔗 SCORECARD: Получена ссылка Huntflow: https://huntflow.ru/my/softnetix#/vacancy/3936868/filter/workon/id/76643938
📊 SCORECARD: Используем грейд из инвайте: Middle
✅ SCORECARD: Заполнено поле All!C1: Middle
📝 SCORECARD: Шаг 3 - Формирование названия файла
🔍 API запрос: GET https://api.huntflow.ru/v2/accounts
📥 Ответ API: 200
📥 Тело ответа: {"items":[{"id":291341,"name":"Softnetix","nick":"softnetix","member_type":"owner","production_calendar":1}]}...
🔗 Сгенерирована ссылка на Huntflow (prod): https://huntflow.ru/my/softnetix#/vacancy/3936868/filter/workon/id/76643938
🔗 SCORECARD: Получена ссылка Huntflow: https://huntflow.ru/my/softnetix#/vacancy/3936868/filter/workon/id/76643938
📊 SCORECARD: Используем грейд из инвайте: Middle
✅ SCORECARD: Обработка завершена успешно
📊 INVITE.process_scorecard: Результат: success=True, errors=[]
✅ INVITE.process_scorecard: Scorecard обработан. Сохранены листы: All, Score, Task's, Middle. Удалены листы: Junior, Junior+, Middle+, Senior. Выполнено действий: 1.
✅ COMBINED_FORM_SAVE: Scorecard обработан
🔍 COMBINED_FORM_SAVE: Добавляем метку интервьюера в Huntflow...
🔍 INTERVIEWER_TAG: Начинаем добавление метки интервьюера...
ℹ️ INTERVIEWER_TAG: Нет интервьюера для добавления метки в Huntflow
✅ COMBINED_FORM_SAVE: Метка интервьюера добавлена
✅ COMBINED_FORM_SAVE: Инвайт сохранен с ID: 404
🔍 CHAT AJAX: Последнее системное сообщение: Инвайт - 28.11.2025 14:32 (type: invite)
🔍 CHAT AJAX: Рендерим HTML для сообщения типа: invite
🔍 CHAT AJAX: HTML сгенерирован, длина: 4730
✅ Найдена длительность скринингов для вакансии 'Frontend Engineer (React)': 45 минут
🔍 API INTERVIEWERS AUTOCOMPLETE: vacancy_id=1, query='talent_softnetix'
🔍 API INTERVIEWERS AUTOCOMPLETE: Найдено 0 интервьюеров
Watching for file changes with StatReloader
/Users/agolubenko/hrhelper/fullstack/backend/apps/google_oauth/services.py changed, reloading.
Performing system checks...

System check identified no issues (0 silenced).
November 28, 2025 - 17:36:42
Django version 4.2.16, using settings 'config.settings'
Starting development server at http://127.0.0.1:8000/
Quit the server with CONTROL-C.

Watching for file changes with StatReloader
Ошибка API: 500 - {"errors":[{"type":"external_service_error","title":"ReadTimeout"}]}
Performing system checks...

System check identified no issues (0 silenced).
November 28, 2025 - 17:37:01
Django version 4.2.16, using settings 'config.settings'
Starting development server at http://127.0.0.1:8000/
Quit the server with CONTROL-C.

🔍 CHAT AJAX HANDLER: Получен запрос на session_id=38
🔍 CHAT AJAX HANDLER: Метод=POST, Content-Type=application/json
🔍 CHAT AJAX: Анализируем сообщение: '/in https://huntflow.ru/my/softnetix#/vacancy/3936868/filter/186500/id/76643938
pfdnhf 17'
🔍 CHAT AJAX: action_type_from_js: 'invite' (type: <class 'str'>, bool: True)
🔍 CHAT AJAX: Команда /in обнаружена в тексте - принудительный инвайт
🔍 CHAT AJAX: ФИНАЛЬНЫЙ action_type: 'invite'
🔍 CLEAN_COMBINED_DATA: combined_data = 'https://huntflow.ru/my/softnetix#/vacancy/3936868/filter/186500/id/76643938
pfdnhf 17'
🔍 CLEAN_COMBINED_DATA: Найдено URLs: ['https://huntflow.ru/my/softnetix#/vacancy/3936868/filter/186500/id/76643938']
✅ CLEAN_COMBINED_DATA: URL извлечен: https://huntflow.ru/my/softnetix#/vacancy/3936868/filter/186500/id/76643938
✅ CLEAN_COMBINED_DATA: Весь текст сохранен для парсера: 'https://huntflow.ru/my/softnetix#/vacancy/3936868/filter/186500/id/76643938
pfdnhf 17'
🔍 COMBINED_FORM_CLEAN: Начинаем очистку формы
🔍 COMBINED_FORM_CLEAN: cleaned_data keys: ['candidate_url', 'interview_datetime', 'combined_data', 'selected_interviewer']
🔍 COMBINED_FORM_CLEAN: combined_data: https://huntflow.ru/my/softnetix#/vacancy/3936868/filter/186500/id/76643938
pfdnhf 17
🔍 COMBINED_FORM_CLEAN: URL извлечен, дату обработает парсер
🔍 COMBINED_FORM_CLEAN: Финальные cleaned_data: {'candidate_url': 'https://huntflow.ru/my/softnetix#/vacancy/3936868/filter/186500/id/76643938', 'interview_datetime': None, 'combined_data': 'https://huntflow.ru/my/softnetix#/vacancy/3936868/filter/186500/id/76643938\npfdnhf 17', 'selected_interviewer': ''}
🔍 COMBINED_FORM_SAVE: Начинаем сохранение инвайта...
🔍 COMBINED_FORM_SAVE: Установлен email пользователя: andrei.golubenko@softnetix.io
🔍 COMBINED_FORM_SAVE: Сохранены исходные данные: https://huntflow.ru/my/softnetix#/vacancy/3936868/filter/186500/id/76643938
pfdnhf 17...
🔍 COMBINED_FORM_SAVE: Инвайт создан, user: andrei.golubenko
🔍 COMBINED_FORM_SAVE: Парсим URL...
🔍 API запрос: GET https://api.huntflow.ru/v2/accounts
📥 Ответ API: 200
📥 Тело ответа: {"items":[{"id":291341,"name":"Softnetix","nick":"softnetix","member_type":"owner","production_calendar":1}]}...
🔍 PARSE_URL: Используем первый доступный account_id: 291341
✅ COMBINED_FORM_SAVE: URL распарсен успешно
🔍 COMBINED_FORM_SAVE: Получаем информацию о кандидате...
🔍 API запрос: GET https://api.huntflow.ru/v2/accounts
📥 Ответ API: 200
📥 Тело ответа: {"items":[{"id":291341,"name":"Softnetix","nick":"softnetix","member_type":"owner","production_calendar":1}]}...
🔍 GET_CANDIDATE_INFO: Автоматически получен account_id: 291341
🔍 API запрос: GET https://api.huntflow.ru/v2/accounts/291341/applicants/76643938
📥 Ответ API: 500
📥 Тело ответа: {"errors":[{"type":"external_service_error","title":"ReadTimeout"}]}...
РЕАЛЬНЫЕ ДАННЫЕ: ❌ КРИТИЧЕСКАЯ ОШИБКА: Кандидат 76643938 не найден в аккаунте 291341
⚠️ COMBINED_FORM_SAVE: Предупреждение при получении информации о кандидате: КРИТИЧЕСКАЯ ОШИБКА: Кандидат 76643938 не найден в аккаунте 291341
🔍 COMBINED_FORM_SAVE: Получаем информацию о вакансии...
ЛОКАЛЬНЫЕ ДАННЫЕ: Найдена вакансия в локальной БД: Frontend Engineer (React)
ЛОКАЛЬНЫЕ ДАННЫЕ: Шаблон scorecard: https://docs.google.com/spreadsheets/d/1Zz61HtsXAWvfHtlTucfJQnJEDCKLwcVRybmT9BHfZqg/edit?gid=1164423222#gid=1164423222
ЛОКАЛЬНЫЕ ДАННЫЕ: Длительность скринингов: 45 минут
✅ COMBINED_FORM_SAVE: Информация о вакансии получена
🤖 COMBINED_FORM_SAVE: Анализируем время с помощью парсера...
🔍 [ENHANCED_PARSER] Анализируем текст пользователя andrei.golubenko
🔍 [ENHANCED_PARSER] Текст для анализа: pfdnhf 17...
📅 [BOOKINGS] Получаем существующие бронирования...
💾 Сохранены события календаря в кэш: 49 событий
✅ [BOOKINGS] Найдено событий: 49
✅ [PARSER_INIT] Загружены полные словари: 194 дней недели, 3156 месяцев
[ENHANCED_PARSER] Исходный текст: pfdnhf 17
[ENHANCED_PARSER] Нормализованный текст: завтра 17
[ENHANCED_PARSER] Найдена относительная дата: 2025-11-29 17:37:30.243094+03:00
[ENHANCED_PARSER] Найдено время: (17, 0)
⚠️ [SLOT_CHECK] Ошибка проверки события: can't compare offset-naive and offset-aware datetimes
⚠️ [SLOT_CHECK] Ошибка проверки события: can't compare offset-naive and offset-aware datetimes
✅ [SLOT_CHECK] Слот 29.11 17:00 свободен
[ENHANCED_PARSER] Итоговый результат: 29.11.2025 17:00
[ENHANCED_PARSER] Уверенность: 0.95
[ENHANCED_PARSER] Исправлений: 1
✅ [ENHANCED_PARSER] Определена дата/время: 29.11.2025 17:00
📊 [ENHANCED_PARSER] Уверенность: 0.95
🔧 [ENHANCED_PARSER] Исправлений: 1
✔️ [ENHANCED_PARSER] Валидация: Пройдена
  🔧 keyboard_layout: pfdnhf → завтра
📅 [ENHANCED_PARSER] Альтернативные слоты:
  - 06.12.2025 17:00 (уверенность: 0.85)
  - 01.12.2025 17:00 (уверенность: 0.80)
  - 29.11.2025 14:00 (уверенность: 0.75)
✅ COMBINED_FORM_SAVE: Время проанализировано с помощью парсера
✅ COMBINED_FORM_SAVE: Дата интервью установлена из парсера: 2025-11-29 17:00:00+03:00
🔍 COMBINED_FORM_SAVE: Извлекаем кастомную длительность...
ℹ️ COMBINED_FORM_SAVE: Кастомная длительность не найдена, будет использована стандартная
🔍 COMBINED_FORM_SAVE: Создаем структуру Google Drive...
ЛОКАЛЬНЫЕ ДАННЫЕ: Используем scorecard из локальной БД: | Scorecard FE
ЛОКАЛЬНЫЕ ДАННЫЕ: Ссылка на шаблон: https://docs.google.com/spreadsheets/d/1Zz61HtsXAWvfHtlTucfJQnJEDCKLwcVRybmT9BHfZqg/edit?gid=1164423222#gid=1164423222
🔍 SAMPLE_DATA: Подготавливаем данные для генерации пути папок
🔍 SAMPLE_DATA: candidate_name = ''
🔍 SAMPLE_DATA: vacancy_title = 'Frontend Engineer (React)'
🔍 SAMPLE_DATA: interview_datetime = '2025-11-29 17:00:00+03:00'
🔍 SAMPLE_DATA: Подготовленные данные:
🔍 SAMPLE_DATA:   date = '29.11.2025'
🔍 SAMPLE_DATA:   day = '29'
🔍 SAMPLE_DATA:   week_number = '48'
🔍 SAMPLE_DATA:   week_short_en = 'W48'
🔍 SAMPLE_DATA:   week_short_ru = 'Н48'
🔍 SAMPLE_DATA:   week_full_en = 'Week 48'
🔍 SAMPLE_DATA:   week_full_ru = 'Неделя 48'
🔍 SAMPLE_DATA:   month_num = '11'
🔍 SAMPLE_DATA:   month_short_ru = 'ноя'
🔍 SAMPLE_DATA:   month_short_en = 'Nov'
🔍 SAMPLE_DATA:   month_full_ru = 'ноябрь'
🔍 SAMPLE_DATA:   month_full_en = 'November'
🔍 SAMPLE_DATA:   weekday_short_ru = 'СБ'
🔍 SAMPLE_DATA:   weekday_short_en = 'Sat'
🔍 SAMPLE_DATA:   weekday_full_ru = 'Суббота'
🔍 SAMPLE_DATA:   weekday_full_en = 'Saturday'
🔍 SAMPLE_DATA:   year_short = '25'
🔍 SAMPLE_DATA:   year_full = '2025'
🔍 SAMPLE_DATA:   candidate_first_name = ''
🔍 SAMPLE_DATA:   candidate_last_name = 'Кандидат'
🔍 SAMPLE_DATA:   candidate_middle_name = ''
🔍 SAMPLE_DATA:   candidate_id = '76643938'
🔍 SAMPLE_DATA:   vacancy_title = 'Frontend Engineer (React)'
🔍 SAMPLE_DATA:   vacancy_id = '3936868'
🔍 FOLDER_GEN: Обрабатываем элемент: type=text, value='automations'
🔍 FOLDER_GEN: Text элемент: 'automations'
🔍 FOLDER_GEN: Добавлена папка: 'automations'
🔍 FOLDER_GEN: Обрабатываем элемент: type=mixed, value='[vacancy_title]'
🔍 FOLDER_GEN: Mixed элемент: '[vacancy_title]' -> 'Frontend Engineer (React)'
🔍 FOLDER_GEN: Добавлена папка: 'Frontend Engineer (React)'
🔍 FOLDER_GEN: Обрабатываем элемент: type=mixed, value='[year_full]'
🔍 FOLDER_GEN: Mixed элемент: '[year_full]' -> '2025'
🔍 FOLDER_GEN: Добавлена папка: '2025'
🔍 FOLDER_GEN: Обрабатываем элемент: type=mixed, value='[month_num] [month_full_ru]'
🔍 FOLDER_GEN: Mixed элемент: '[month_num] [month_full_ru]' -> '11 ноябрь'
🔍 FOLDER_GEN: Добавлена папка: '11 ноябрь'
🔍 FOLDER_GEN: Обрабатываем элемент: type=mixed, value='[day] [month_full_ru] ([weekday_short_ru])'
🔍 FOLDER_GEN: Mixed элемент: '[day] [month_full_ru] ([weekday_short_ru])' -> '29 ноябрь (СБ)'
🔍 FOLDER_GEN: Добавлена папка: '29 ноябрь (СБ)'
НАСТРОЙКИ ПАПОК: Структура папок: automations/Frontend Engineer (React)/2025/11 ноябрь/29 ноябрь (СБ)
НАСТРОЙКИ ПАПОК: База названия файла: Кандидат
РЕАЛЬНЫЕ ДАННЫЕ: Создана структура папок: automations/Frontend Engineer (React)/2025/11 ноябрь/29 ноябрь (СБ)
РЕАЛЬНЫЕ ДАННЫЕ: ID папки: 1surfRQ1vpQmB6xGxpnsYllEP7UZs__ZQ
РЕАЛЬНЫЕ ДАННЫЕ: ID файла: 1z3YsO8Iqvk1KkcteyjCn6zDpMeoZD8qNGTBVOMjBbMM
РЕАЛЬНЫЕ ДАННЫЕ: Ссылка: https://docs.google.com/spreadsheets/d/1z3YsO8Iqvk1KkcteyjCn6zDpMeoZD8qNGTBVOMjBbMM/edit
РЕАЛЬНЫЕ ДАННЫЕ: Название файла: Кандидат | Scorecard FE
🔍 API запрос: GET https://api.huntflow.ru/v2/accounts
📥 Ответ API: 200
📥 Тело ответа: {"items":[{"id":291341,"name":"Softnetix","nick":"softnetix","member_type":"owner","production_calendar":1}]}...
🔍 API запрос: GET https://api.huntflow.ru/v2/accounts/291341/applicants/questionary
📥 Ответ API: 200
📥 Тело ответа: {"kIbah4MN0iHussXm3n2Ar":{"type":"select","id":3059,"title":"Уровень","required":false,"order":1,"values":["Junior","Junior+","Middle","Middle+","Senior"],"show_in_profile":true,"is_archived":false,"account":291341,"disableAutofill":true,"search_filter":true,"search_field":"string_field_1"},"oMvUCpzbKSzzhPLUCwmGW":{"type":"url","id":3067,"title":"Scorecard","required":false,"order":2,"show_in_profile":true,"is_archived":false,"account":291341,"search_filter":true,"search_field":"string_field_7",...
🔍 Найдено поле Scorecard в схеме: oMvUCpzbKSzzhPLUCwmGW = Scorecard (тип: url)
📝 Обновляем поле Scorecard oMvUCpzbKSzzhPLUCwmGW со ссылкой: https://docs.google.com/spreadsheets/d/1z3YsO8Iqvk1KkcteyjCn6zDpMeoZD8qNGTBVOMjBbMM/edit
DEBUG: Пробуем обновить анкету через /accounts/291341/applicants/76643938/questionary с данными {'oMvUCpzbKSzzhPLUCwmGW': 'https://docs.google.com/spreadsheets/d/1z3YsO8Iqvk1KkcteyjCn6zDpMeoZD8qNGTBVOMjBbMM/edit'}
🔍 API запрос: PATCH https://api.huntflow.ru/v2/accounts/291341/applicants/76643938/questionary
📤 JSON данные: {'oMvUCpzbKSzzhPLUCwmGW': 'https://docs.google.com/spreadsheets/d/1z3YsO8Iqvk1KkcteyjCn6zDpMeoZD8qNGTBVOMjBbMM/edit'}
📥 Ответ API: 200
📥 Тело ответа: {"kIbah4MN0iHussXm3n2Ar":"Middle","oMvUCpzbKSzzhPLUCwmGW":"https://docs.google.com/spreadsheets/d/1z3YsO8Iqvk1KkcteyjCn6zDpMeoZD8qNGTBVOMjBbMM/edit","CsWOTYehY2IkL3I7myfwM":null,"YAMd8vkvLFq5KLmIkiLVf":null,"n-U2tU6G5iBoxSPkXFN7F":null,"S58S9DFqO7w-JzDbF2HJA":null,"c8wID33nTMvoCpJmtngyq":null,"Ew3LqHTK8SL67j2VQ-n6y":null,"DoOdxUlwbb0nILXQGBDaT":null,"ICXvQX-WT9eleJW-QlVa9":null,"RMLxfRH9raQtHItMcdeq-":null,"X6qYbAqZnb0q1R3VMumbH":null,"bfPBtccRoL5s_7xyLXuia":null}...
🗑️ Сброшен кэш для кандидата: 76643938
✅ Поле Scorecard обновлено со ссылкой на scorecard
✅ Поле 'Scorecard' в Huntflow обновлено со ссылкой на scorecard
🔍 Создаем календарное событие...
🔍 API запрос: GET https://api.huntflow.ru/v2/accounts
📥 Ответ API: 200
📥 Тело ответа: {"items":[{"id":291341,"name":"Softnetix","nick":"softnetix","member_type":"owner","production_calendar":1}]}...
🔍 API запрос: GET https://api.huntflow.ru/v2/accounts/291341/applicants/76643938
📥 Ответ API: 200
📥 Тело ответа: {"first_name":"ТЕСТ","last_name":null,"middle_name":null,"money":null,"phone":null,"email":null,"skype":null,"position":null,"company":null,"photo":null,"id":76643938,"account":291341,"photo_url":null,"birthday":null,"created":"2025-11-28T17:07:18+03:00","tags":[],"links":[{"id":72202049,"status":186503,"updated":"2025-11-28T17:31:45+03:00","changed":"2025-11-28T17:31:45+03:00","vacancy":3936868}],"external":[{"id":76472841,"auth_type":"NATIVE","account_source":null,"updated":"2025-11-28T17:07:1...
💾 Сохранены данные кандидата в кэш: 76643938
❌ Email кандидата не найден в Huntflow
📅 Сгенерировано название события: JS Tech Screening | 
✅ Найдена длительность скринингов для вакансии 'Frontend Engineer (React)': 45 минут
⏱️ Используем длительность скринингов: 45 минут
📝 Найден телеграм рекрутера: talent_softnetix
📝 Ссылка на телеграм: https://t.me/talent_softnetix
📝 Сопроводительный текст: Попрошу быть с камерой. Технический скрининг будет с секцией лайв-кодинга (нужно будет шарить экран)...
🔍 API запрос: GET https://api.huntflow.ru/v2/accounts
📥 Ответ API: 200
📥 Тело ответа: {"items":[{"id":291341,"name":"Softnetix","nick":"softnetix","member_type":"owner","production_calendar":1}]}...
🔗 Сгенерирована ссылка на Huntflow (prod): https://huntflow.ru/my/softnetix#/vacancy/3936868/filter/workon/id/76643938
👥 Добавляем пользователя в участники: andrei.golubenko@softnetix.io
🔍 Время с timezone: 2025-11-29 17:00:00+03:00
🔍 Время начала (UTC): 2025-11-29 14:00:00+00:00
🔍 Время окончания (UTC): 2025-11-29 14:45:00+00:00
🔍 Строка времени начала: 2025-11-29T14:00:00
🔍 Строка времени окончания: 2025-11-29T14:45:00
📅 Создаем событие: JS Tech Screening | 
📅 Время начала: 2025-11-29T14:00:00
📅 Время окончания: 2025-11-29T14:45:00
📅 Данные события: {'summary': 'JS Tech Screening | ', 'description': 'Попрошу быть с камерой. Технический скрининг будет с секцией лайв-кодинга (нужно будет шарить экран). Если возникнут вопросы - на связи в телеграм <a href="https://t.me/talent_softnetix">@talent_softnetix</a>\n\nДля интервьюеров:\nhttps://huntflow.ru/my/softnetix#/vacancy/3936868/filter/workon/id/76643938', 'location': '', 'start': {'dateTime': '2025-11-29T14:00:00', 'timeZone': 'UTC'}, 'end': {'dateTime': '2025-11-29T14:45:00', 'timeZone': 'UTC'}, 'attendees': [{'email': 'andrei.golubenko@softnetix.io'}], 'conferenceData': {'createRequest': {'requestId': 'meet-202511291700', 'conferenceSolutionKey': {'type': 'hangoutsMeet'}}}, 'reminders': {'useDefault': False, 'overrides': [{'method': 'email', 'minutes': 1440}, {'method': 'popup', 'minutes': 10}]}}
✅ Событие создано: JS Tech Screening |  (2025-11-29 17:00:00+03:00 - 2025-11-29 17:45:00+03:00)
⏱️ Длительность: 45 минут
🔗 Ссылка на событие: https://www.google.com/calendar/event?eid=cjQxOXJvanNoMWw2YjZkMmRiajRwcXI4b28gYW5kcmVpLmdvbHViZW5rb0Bzb2Z0bmV0aXguaW8
🔗 Google Meet ссылка: https://meet.google.com/zsc-aaky-mty
✅ Календарное событие создано: JS Tech Screening | 
🔗 Ссылка на событие: https://www.google.com/calendar/event?eid=cjQxOXJvanNoMWw2YjZkMmRiajRwcXI4b28gYW5kcmVpLmdvbHViZW5rb0Bzb2Z0bmV0aXguaW8
🔍 Результат создания календарного события: True
[TECH_SCREENING_UPDATE] Календарное событие создано успешно, обновляем статус...
[TECH_SCREENING] Начинаем обновление статуса кандидата 76643938
[TECH_SCREENING] Импорты выполнены успешно
🔍 API запрос: GET https://api.huntflow.ru/v2/accounts
📥 Ответ API: 200
📥 Тело ответа: {"items":[{"id":291341,"name":"Softnetix","nick":"softnetix","member_type":"owner","production_calendar":1}]}...
[TECH_SCREENING] Получен account_id: 291341
🔍 TECH_SCREENING: Используем статус из вакансии: 186503
✅ Найдена длительность скринингов для вакансии 'Frontend Engineer (React)': 45 минут
[TECH_SCREENING] Кандидат: 76643938 -> Tech Screening
[TECH_SCREENING] Комментарий: Суббота, 29 ноября⋅17:00–17:45
[TECH_SCREENING] Используем статус ID: 186503
[TECH_SCREENING] Вызываем update_applicant_status...
🔍 API запрос: GET https://api.huntflow.ru/v2/accounts/291341/applicants/76643938
📥 Ответ API: 200
📥 Тело ответа: {"first_name":"ТЕСТ","last_name":null,"middle_name":null,"money":null,"phone":null,"email":null,"skype":null,"position":null,"company":null,"photo":null,"id":76643938,"account":291341,"photo_url":null,"birthday":null,"created":"2025-11-28T17:07:18+03:00","tags":[],"links":[{"id":72202049,"status":186503,"updated":"2025-11-28T17:31:45+03:00","changed":"2025-11-28T17:31:45+03:00","vacancy":3936868}],"external":[{"id":76472841,"auth_type":"NATIVE","account_source":null,"updated":"2025-11-28T17:07:1...
DEBUG: Обновляем статус кандидата 76643938 на статус 186503 для вакансии 3936868 с комментарием: Суббота, 29 ноября⋅17:00–17:45
DEBUG: Пробуем эндпоинт /accounts/291341/applicants/76643938/vacancy с данными {'vacancy': 3936868, 'status': 186503, 'comment': 'Суббота, 29 ноября⋅17:00–17:45'}
🔍 API запрос: POST https://api.huntflow.ru/v2/accounts/291341/applicants/76643938/vacancy
📤 JSON данные: {'vacancy': 3936868, 'status': 186503, 'comment': 'Суббота, 29 ноября⋅17:00–17:45'}
📥 Ответ API: 200
📥 Тело ответа: {"id":72202049,"changed":"2025-11-28T17:37:41+03:00","vacancy":3936868,"status":186503,"rejection_reason":null}...
DEBUG: Статус успешно обновлен через /accounts/291341/applicants/76643938/vacancy
🗑️ Сброшен кэш для кандидата: 76643938
[TECH_SCREENING] Результат update_applicant_status: {'id': 72202049, 'changed': '2025-11-28T17:37:41+03:00', 'vacancy': 3936868, 'status': 186503, 'rejection_reason': None}
[TECH_SCREENING] Успешно обновлен статус на Tech Screening
[TECH_SCREENING_UPDATE] Статус обновлен: True
✅ COMBINED_FORM_SAVE: Структура Google Drive создана
🔍 COMBINED_FORM_SAVE: Обрабатываем scorecard...
🚀 INVITE.process_scorecard: Начинаем обработку скоркарда для инвайта 405
📁 INVITE.process_scorecard: File ID: 1z3YsO8Iqvk1KkcteyjCn6zDpMeoZD8qNGTBVOMjBbMM
👤 INVITE.process_scorecard: Кандидат: 
🔍 INVITE.process_scorecard: Проверяем Google OAuth...
🔧 INVITE.process_scorecard: Создаем GoogleSheetsService...
📋 INVITE.process_scorecard: Вакансия найдена: Frontend Engineer (React) (ID: 3936868)
🔧 INVITE.process_scorecard: Создаем ScorecardProcessor...
▶️ INVITE.process_scorecard: Вызываем processor.process_scorecard...
🚀 SCORECARD: Начинаем обработку скоркарда для 
📁 SCORECARD: File ID: 1z3YsO8Iqvk1KkcteyjCn6zDpMeoZD8qNGTBVOMjBbMM
👤 SCORECARD: Кандидат: 
📊 SCORECARD: Грейд: 
🔗 SCORECARD: candidate_url: https://huntflow.ru/my/softnetix#/vacancy/3936868/filter/186500/id/76643938
📋 SCORECARD: vacancy_id: 3936868
📄 SCORECARD: Шаг 1 - Обработка листов
📋 SCORECARD: Листы для сохранения: ['all', 'score', "Task's"]
🔍 SCORECARD: Обработка листа: 'All' (keep: True, delete: False)
🔍 SCORECARD: Обработка листа: 'Score' (keep: True, delete: False)
🔍 SCORECARD: Обработка листа: 'Task's' (keep: True, delete: False)
🔍 SCORECARD: Обработка листа: 'Junior' (keep: False, delete: False)
🔍 SCORECARD: Обработка листа: 'Junior+' (keep: False, delete: False)
🔍 SCORECARD: Обработка листа: 'Middle' (keep: False, delete: False)
🔍 SCORECARD: Обработка листа: 'Middle+' (keep: False, delete: False)
🔍 SCORECARD: Обработка листа: 'Senior' (keep: False, delete: False)
✏️ SCORECARD: Шаг 2 - Заполнение полей и замена плейсхолдеров
🔄 SCORECARD: Начинаем замену плейсхолдеров в файле 1z3YsO8Iqvk1KkcteyjCn6zDpMeoZD8qNGTBVOMjBbMM
🔍 API запрос: GET https://api.huntflow.ru/v2/accounts
📥 Ответ API: 200
📥 Тело ответа: {"items":[{"id":291341,"name":"Softnetix","nick":"softnetix","member_type":"owner","production_calendar":1}]}...
🔗 Сгенерирована ссылка на Huntflow (prod): https://huntflow.ru/my/softnetix#/vacancy/3936868/filter/workon/id/76643938
🔗 SCORECARD: Получена ссылка Huntflow: https://huntflow.ru/my/softnetix#/vacancy/3936868/filter/workon/id/76643938
🔗 SCORECARD: Ссылка Huntflow: https://huntflow.ru/my/softnetix#/vacancy/3936868/filter/workon/id/76643938
📊 SCORECARD: Получаем грейд из Huntflow для кандидата
🔍 API запрос: GET https://api.huntflow.ru/v2/accounts
📥 Ответ API: 200
📥 Тело ответа: {"items":[{"id":291341,"name":"Softnetix","nick":"softnetix","member_type":"owner","production_calendar":1}]}...
🔍 API запрос: GET https://api.huntflow.ru/v2/accounts/291341/applicants/76643938
📥 Ответ API: 200
📥 Тело ответа: {"first_name":"ТЕСТ","last_name":null,"middle_name":null,"money":null,"phone":null,"email":null,"skype":null,"position":null,"company":null,"photo":null,"id":76643938,"account":291341,"photo_url":null,"birthday":null,"created":"2025-11-28T17:07:18+03:00","tags":[],"links":[{"id":72202049,"status":186503,"updated":"2025-11-28T17:37:41+03:00","changed":"2025-11-28T17:37:41+03:00","vacancy":3936868}],"external":[{"id":76472841,"auth_type":"NATIVE","account_source":null,"updated":"2025-11-28T17:07:1...
💾 Сохранены данные кандидата в кэш: 76643938
⚠️ SCORECARD: Грейд не найден
📊 SCORECARD: Грейд кандидата: не получен
🔄 SCORECARD: Заменяем [HUNTFLOW_LINK] на https://huntflow.ru/my/softnetix#/vacancy/3936868/...
🔍 SCORECARD: Ищем '[HUNTFLOW_LINK]' для замены на 'https://huntflow.ru/my/softnetix#/vacancy/3936868/...'
📋 SCORECARD: Найдено листов: 3
📄 SCORECARD: Обрабатываем лист 'All' (ID: 0) для замены '[HUNTFLOW_LINK]'
📄 SCORECARD: Обрабатываем лист 'Score' (ID: 1731548142) для замены '[HUNTFLOW_LINK]'
📄 SCORECARD: Обрабатываем лист 'Task's' (ID: 383618631) для замены '[HUNTFLOW_LINK]'[28/Nov/2025 17:37:59] "POST /google-oauth/chat/38/ajax/ HTTP/1.1" 200 5316

🔄 SCORECARD: Отправляем 3 запросов на замену
✅ SCORECARD: Заменено '[HUNTFLOW_LINK]' на 'https://huntflow.ru/my/softnetix#/vacancy/3936868/...' в 0 местах на 3 листах
⚠️ SCORECARD: Плейсхолдер '[HUNTFLOW_LINK]' не найден в таблице
⚠️ SCORECARD: Не удалось заменить [HUNTFLOW_LINK]
🔄 SCORECARD: Заменяем [LINK] на https://huntflow.ru/my/softnetix#/vacancy/3936868/...
🔍 SCORECARD: Ищем '[LINK]' для замены на 'https://huntflow.ru/my/softnetix#/vacancy/3936868/...'
📋 SCORECARD: Найдено листов: 3
📄 SCORECARD: Обрабатываем лист 'All' (ID: 0) для замены '[LINK]'
📄 SCORECARD: Обрабатываем лист 'Score' (ID: 1731548142) для замены '[LINK]'
📄 SCORECARD: Обрабатываем лист 'Task's' (ID: 383618631) для замены '[LINK]'
🔄 SCORECARD: Отправляем 3 запросов на замену
✅ SCORECARD: Заменено '[LINK]' на 'https://huntflow.ru/my/softnetix#/vacancy/3936868/...' в 1 местах на 3 листах
✅ SCORECARD: [LINK] заменен успешно
⚠️ SCORECARD: Грейд не получен, пропускаем замену [GRADE]
🔧 SCORECARD: Всего заменено плейсхолдеров: 1
🔍 API запрос: GET https://api.huntflow.ru/v2/accounts
📥 Ответ API: 200
📥 Тело ответа: {"items":[{"id":291341,"name":"Softnetix","nick":"softnetix","member_type":"owner","production_calendar":1}]}...
🔗 Сгенерирована ссылка на Huntflow (prod): https://huntflow.ru/my/softnetix#/vacancy/3936868/filter/workon/id/76643938
🔗 SCORECARD: Получена ссылка Huntflow: https://huntflow.ru/my/softnetix#/vacancy/3936868/filter/workon/id/76643938
📊 SCORECARD: Получаем грейд из Huntflow для кандидата
🔍 API запрос: GET https://api.huntflow.ru/v2/accounts
📥 Ответ API: 200
📥 Тело ответа: {"items":[{"id":291341,"name":"Softnetix","nick":"softnetix","member_type":"owner","production_calendar":1}]}...
📦 Получены данные кандидата из кэша: 76643938
⚠️ SCORECARD: Грейд не найден
✅ SCORECARD: Заполнено поле All!A1: Frontend Developer Scorecard
🔍 API запрос: GET https://api.huntflow.ru/v2/accounts
📥 Ответ API: 200
📥 Тело ответа: {"items":[{"id":291341,"name":"Softnetix","nick":"softnetix","member_type":"owner","production_calendar":1}]}...
🔗 Сгенерирована ссылка на Huntflow (prod): https://huntflow.ru/my/softnetix#/vacancy/3936868/filter/workon/id/76643938
🔗 SCORECARD: Получена ссылка Huntflow: https://huntflow.ru/my/softnetix#/vacancy/3936868/filter/workon/id/76643938
📊 SCORECARD: Получаем грейд из Huntflow для кандидата
🔍 API запрос: GET https://api.huntflow.ru/v2/accounts
📥 Ответ API: 200
📥 Тело ответа: {"items":[{"id":291341,"name":"Softnetix","nick":"softnetix","member_type":"owner","production_calendar":1}]}...
📦 Получены данные кандидата из кэша: 76643938
⚠️ SCORECARD: Грейд не найден
✅ SCORECARD: Заполнено поле All!B1: 
🔍 API запрос: GET https://api.huntflow.ru/v2/accounts
📥 Ответ API: 200
📥 Тело ответа: {"items":[{"id":291341,"name":"Softnetix","nick":"softnetix","member_type":"owner","production_calendar":1}]}...
🔗 Сгенерирована ссылка на Huntflow (prod): https://huntflow.ru/my/softnetix#/vacancy/3936868/filter/workon/id/76643938
🔗 SCORECARD: Получена ссылка Huntflow: https://huntflow.ru/my/softnetix#/vacancy/3936868/filter/workon/id/76643938
📊 SCORECARD: Получаем грейд из Huntflow для кандидата
🔍 API запрос: GET https://api.huntflow.ru/v2/accounts
📥 Ответ API: 200
📥 Тело ответа: {"items":[{"id":291341,"name":"Softnetix","nick":"softnetix","member_type":"owner","production_calendar":1}]}...
📦 Получены данные кандидата из кэша: 76643938
⚠️ SCORECARD: Грейд не найден
✅ SCORECARD: Заполнено поле All!C1: 
📝 SCORECARD: Шаг 3 - Формирование названия файла
🔍 API запрос: GET https://api.huntflow.ru/v2/accounts
📥 Ответ API: 200
📥 Тело ответа: {"items":[{"id":291341,"name":"Softnetix","nick":"softnetix","member_type":"owner","production_calendar":1}]}...
🔗 Сгенерирована ссылка на Huntflow (prod): https://huntflow.ru/my/softnetix#/vacancy/3936868/filter/workon/id/76643938
🔗 SCORECARD: Получена ссылка Huntflow: https://huntflow.ru/my/softnetix#/vacancy/3936868/filter/workon/id/76643938
📊 SCORECARD: Получаем грейд из Huntflow для кандидата
🔍 API запрос: GET https://api.huntflow.ru/v2/accounts
📥 Ответ API: 200
📥 Тело ответа: {"items":[{"id":291341,"name":"Softnetix","nick":"softnetix","member_type":"owner","production_calendar":1}]}...
📦 Получены данные кандидата из кэша: 76643938
⚠️ SCORECARD: Грейд не найден
✅ SCORECARD: Обработка завершена успешно
📊 INVITE.process_scorecard: Результат: success=True, errors=[]
✅ INVITE.process_scorecard: Scorecard обработан. Сохранены листы: All, Score, Task's. Удалены листы: Junior, Junior+, Middle, Middle+, Senior. Выполнено действий: 1.
✅ COMBINED_FORM_SAVE: Scorecard обработан
🔍 COMBINED_FORM_SAVE: Добавляем метку интервьюера в Huntflow...
🔍 INTERVIEWER_TAG: Начинаем добавление метки интервьюера...
ℹ️ INTERVIEWER_TAG: Нет интервьюера для добавления метки в Huntflow
✅ COMBINED_FORM_SAVE: Метка интервьюера добавлена
✅ COMBINED_FORM_SAVE: Инвайт сохранен с ID: 405
🔍 CHAT AJAX: Последнее системное сообщение: Инвайт - 28.11.2025 14:37 (type: invite)
🔍 CHAT AJAX: Рендерим HTML для сообщения типа: invite
🔍 CHAT AJAX: HTML сгенерирован, длина: 4429
🔍 CHAT AJAX HANDLER: Получен запрос на session_id=38
🔍 CHAT AJAX HANDLER: Метод=POST, Content-Type=application/json
🔍 CHAT AJAX: Анализируем сообщение: '/in https://huntflow.ru/my/softnetix#/vacancy/3936868/filter/186500/id/76643938
pfdnhf 14'
🔍 CHAT AJAX: action_type_from_js: 'invite' (type: <class 'str'>, bool: True)
🔍 CHAT AJAX: Команда /in обнаружена в тексте - принудительный инвайт
🔍 CHAT AJAX: ФИНАЛЬНЫЙ action_type: 'invite'
🔍 CLEAN_COMBINED_DATA: combined_data = 'https://huntflow.ru/my/softnetix#/vacancy/3936868/filter/186500/id/76643938
pfdnhf 14'
🔍 CLEAN_COMBINED_DATA: Найдено URLs: ['https://huntflow.ru/my/softnetix#/vacancy/3936868/filter/186500/id/76643938']
✅ CLEAN_COMBINED_DATA: URL извлечен: https://huntflow.ru/my/softnetix#/vacancy/3936868/filter/186500/id/76643938
✅ CLEAN_COMBINED_DATA: Весь текст сохранен для парсера: 'https://huntflow.ru/my/softnetix#/vacancy/3936868/filter/186500/id/76643938
pfdnhf 14'
🔍 COMBINED_FORM_CLEAN: Начинаем очистку формы
🔍 COMBINED_FORM_CLEAN: cleaned_data keys: ['candidate_url', 'interview_datetime', 'combined_data', 'selected_interviewer']
🔍 COMBINED_FORM_CLEAN: combined_data: https://huntflow.ru/my/softnetix#/vacancy/3936868/filter/186500/id/76643938
pfdnhf 14
🔍 COMBINED_FORM_CLEAN: URL извлечен, дату обработает парсер
🔍 COMBINED_FORM_CLEAN: Финальные cleaned_data: {'candidate_url': 'https://huntflow.ru/my/softnetix#/vacancy/3936868/filter/186500/id/76643938', 'interview_datetime': None, 'combined_data': 'https://huntflow.ru/my/softnetix#/vacancy/3936868/filter/186500/id/76643938\npfdnhf 14', 'selected_interviewer': ''}
🔍 COMBINED_FORM_SAVE: Начинаем сохранение инвайта...
🔍 COMBINED_FORM_SAVE: Установлен email пользователя: andrei.golubenko@softnetix.io
🔍 COMBINED_FORM_SAVE: Сохранены исходные данные: https://huntflow.ru/my/softnetix#/vacancy/3936868/filter/186500/id/76643938
pfdnhf 14...
🔍 COMBINED_FORM_SAVE: Инвайт создан, user: andrei.golubenko
🔍 COMBINED_FORM_SAVE: Парсим URL...
🔍 API запрос: GET https://api.huntflow.ru/v2/accounts
📥 Ответ API: 200
📥 Тело ответа: {"items":[{"id":291341,"name":"Softnetix","nick":"softnetix","member_type":"owner","production_calendar":1}]}...
🔍 PARSE_URL: Используем первый доступный account_id: 291341
✅ COMBINED_FORM_SAVE: URL распарсен успешно
🔍 COMBINED_FORM_SAVE: Получаем информацию о кандидате...
🔍 API запрос: GET https://api.huntflow.ru/v2/accounts
📥 Ответ API: 200
📥 Тело ответа: {"items":[{"id":291341,"name":"Softnetix","nick":"softnetix","member_type":"owner","production_calendar":1}]}...
🔍 GET_CANDIDATE_INFO: Автоматически получен account_id: 291341
📦 Получены данные кандидата из кэша: 76643938
🔍 API запрос: GET https://api.huntflow.ru/v2/accounts/291341/applicants/76643938/questionary
📥 Ответ API: 200
📥 Тело ответа: {"kIbah4MN0iHussXm3n2Ar":"Middle","oMvUCpzbKSzzhPLUCwmGW":"https://docs.google.com/spreadsheets/d/1z3YsO8Iqvk1KkcteyjCn6zDpMeoZD8qNGTBVOMjBbMM/edit","CsWOTYehY2IkL3I7myfwM":null,"YAMd8vkvLFq5KLmIkiLVf":null,"n-U2tU6G5iBoxSPkXFN7F":null,"S58S9DFqO7w-JzDbF2HJA":null,"c8wID33nTMvoCpJmtngyq":null,"Ew3LqHTK8SL67j2VQ-n6y":null,"DoOdxUlwbb0nILXQGBDaT":null,"ICXvQX-WT9eleJW-QlVa9":null,"RMLxfRH9raQtHItMcdeq-":null,"X6qYbAqZnb0q1R3VMumbH":null,"bfPBtccRoL5s_7xyLXuia":null}...
РЕАЛЬНЫЕ ДАННЫЕ: Доступные активные грейды компании: ['Junior', 'Junior+', 'Middle', 'Middle+', 'Senior']
РЕАЛЬНЫЕ ДАННЫЕ: Не удалось получить схему анкеты: HuntflowService.get_applicant_questionary_schema() takes 2 positional arguments but 3 were given
РЕАЛЬНЫЕ ДАННЫЕ: Найден уровень по значению: Middle (поле: kIbah4MN0iHussXm3n2Ar)
РЕАЛЬНЫЕ ДАННЫЕ: ✅ Найден уровень в анкете: Middle (поле: kIbah4MN0iHussXm3n2Ar)
РЕАЛЬНЫЕ ДАННЫЕ: Получена информация о кандидате 76643938
РЕАЛЬНЫЕ ДАННЫЕ: Имя: None ТЕСТ
РЕАЛЬНЫЕ ДАННЫЕ: Уровень: Middle
✅ COMBINED_FORM_SAVE: Информация о кандидате получена
🔍 COMBINED_FORM_SAVE: Получаем информацию о вакансии...
ЛОКАЛЬНЫЕ ДАННЫЕ: Найдена вакансия в локальной БД: Frontend Engineer (React)
ЛОКАЛЬНЫЕ ДАННЫЕ: Шаблон scorecard: https://docs.google.com/spreadsheets/d/1Zz61HtsXAWvfHtlTucfJQnJEDCKLwcVRybmT9BHfZqg/edit?gid=1164423222#gid=1164423222
ЛОКАЛЬНЫЕ ДАННЫЕ: Длительность скринингов: 45 минут
✅ COMBINED_FORM_SAVE: Информация о вакансии получена
🤖 COMBINED_FORM_SAVE: Анализируем время с помощью парсера...
🔍 [ENHANCED_PARSER] Анализируем текст пользователя andrei.golubenko
🔍 [ENHANCED_PARSER] Текст для анализа: pfdnhf 14...
📅 [BOOKINGS] Получаем существующие бронирования...
💾 Сохранены события календаря в кэш: 50 событий
✅ [BOOKINGS] Найдено событий: 50
✅ [PARSER_INIT] Загружены полные словари: 194 дней недели, 3156 месяцев
[ENHANCED_PARSER] Исходный текст: pfdnhf 14
[ENHANCED_PARSER] Нормализованный текст: завтра 14
[ENHANCED_PARSER] Найдена относительная дата: 2025-11-29 17:40:49.831293+03:00
[ENHANCED_PARSER] Найдено время: (14, 0)
⚠️ [SLOT_CHECK] Ошибка проверки события: can't compare offset-naive and offset-aware datetimes
⚠️ [SLOT_CHECK] Ошибка проверки события: can't compare offset-naive and offset-aware datetimes
✅ [SLOT_CHECK] Слот 29.11 14:00 свободен
[ENHANCED_PARSER] Итоговый результат: 29.11.2025 14:00
[ENHANCED_PARSER] Уверенность: 0.95
[ENHANCED_PARSER] Исправлений: 1
✅ [ENHANCED_PARSER] Определена дата/время: 29.11.2025 14:00
📊 [ENHANCED_PARSER] Уверенность: 0.95
🔧 [ENHANCED_PARSER] Исправлений: 1
✔️ [ENHANCED_PARSER] Валидация: Пройдена
  🔧 keyboard_layout: pfdnhf → завтра
📅 [ENHANCED_PARSER] Альтернативные слоты:
  - 06.12.2025 14:00 (уверенность: 0.85)
  - 01.12.2025 14:00 (уверенность: 0.80)
✅ COMBINED_FORM_SAVE: Время проанализировано с помощью парсера
✅ COMBINED_FORM_SAVE: Дата интервью установлена из парсера: 2025-11-29 14:00:00+03:00
🔍 COMBINED_FORM_SAVE: Извлекаем кастомную длительность...
ℹ️ COMBINED_FORM_SAVE: Кастомная длительность не найдена, будет использована стандартная
🔍 COMBINED_FORM_SAVE: Создаем структуру Google Drive...
ЛОКАЛЬНЫЕ ДАННЫЕ: Используем scorecard из локальной БД: | Scorecard FE
ЛОКАЛЬНЫЕ ДАННЫЕ: Ссылка на шаблон: https://docs.google.com/spreadsheets/d/1Zz61HtsXAWvfHtlTucfJQnJEDCKLwcVRybmT9BHfZqg/edit?gid=1164423222#gid=1164423222
🔍 SAMPLE_DATA: Подготавливаем данные для генерации пути папок
🔍 SAMPLE_DATA: candidate_name = 'None ТЕСТ'
🔍 SAMPLE_DATA: vacancy_title = 'Frontend Engineer (React)'
🔍 SAMPLE_DATA: interview_datetime = '2025-11-29 14:00:00+03:00'
🔍 SAMPLE_DATA: Подготовленные данные:
🔍 SAMPLE_DATA:   date = '29.11.2025'
🔍 SAMPLE_DATA:   day = '29'
🔍 SAMPLE_DATA:   week_number = '48'
🔍 SAMPLE_DATA:   week_short_en = 'W48'
🔍 SAMPLE_DATA:   week_short_ru = 'Н48'
🔍 SAMPLE_DATA:   week_full_en = 'Week 48'
🔍 SAMPLE_DATA:   week_full_ru = 'Неделя 48'
🔍 SAMPLE_DATA:   month_num = '11'
🔍 SAMPLE_DATA:   month_short_ru = 'ноя'
🔍 SAMPLE_DATA:   month_short_en = 'Nov'
🔍 SAMPLE_DATA:   month_full_ru = 'ноябрь'
🔍 SAMPLE_DATA:   month_full_en = 'November'
🔍 SAMPLE_DATA:   weekday_short_ru = 'СБ'
🔍 SAMPLE_DATA:   weekday_short_en = 'Sat'
🔍 SAMPLE_DATA:   weekday_full_ru = 'Суббота'
🔍 SAMPLE_DATA:   weekday_full_en = 'Saturday'
🔍 SAMPLE_DATA:   year_short = '25'
🔍 SAMPLE_DATA:   year_full = '2025'
🔍 SAMPLE_DATA:   candidate_first_name = 'ТЕСТ'
🔍 SAMPLE_DATA:   candidate_last_name = 'None'
🔍 SAMPLE_DATA:   candidate_middle_name = ''
🔍 SAMPLE_DATA:   candidate_id = '76643938'
🔍 SAMPLE_DATA:   vacancy_title = 'Frontend Engineer (React)'
🔍 SAMPLE_DATA:   vacancy_id = '3936868'
🔍 FOLDER_GEN: Обрабатываем элемент: type=text, value='automations'
🔍 FOLDER_GEN: Text элемент: 'automations'
🔍 FOLDER_GEN: Добавлена папка: 'automations'
🔍 FOLDER_GEN: Обрабатываем элемент: type=mixed, value='[vacancy_title]'
🔍 FOLDER_GEN: Mixed элемент: '[vacancy_title]' -> 'Frontend Engineer (React)'
🔍 FOLDER_GEN: Добавлена папка: 'Frontend Engineer (React)'
🔍 FOLDER_GEN: Обрабатываем элемент: type=mixed, value='[year_full]'
🔍 FOLDER_GEN: Mixed элемент: '[year_full]' -> '2025'
🔍 FOLDER_GEN: Добавлена папка: '2025'
🔍 FOLDER_GEN: Обрабатываем элемент: type=mixed, value='[month_num] [month_full_ru]'Ошибка API: 500 - {"errors":[{"type":"internal_server_error","title":"Internal Server Error"}]}

🔍 FOLDER_GEN: Mixed элемент: '[month_num] [month_full_ru]' -> '11 ноябрь'
🔍 FOLDER_GEN: Добавлена папка: '11 ноябрь'
🔍 FOLDER_GEN: Обрабатываем элемент: type=mixed, value='[day] [month_full_ru] ([weekday_short_ru])'
🔍 FOLDER_GEN: Mixed элемент: '[day] [month_full_ru] ([weekday_short_ru])' -> '29 ноябрь (СБ)'
🔍 FOLDER_GEN: Добавлена папка: '29 ноябрь (СБ)'
НАСТРОЙКИ ПАПОК: Структура папок: automations/Frontend Engineer (React)/2025/11 ноябрь/29 ноябрь (СБ)
НАСТРОЙКИ ПАПОК: База названия файла: None ТЕСТ
РЕАЛЬНЫЕ ДАННЫЕ: Создана структура папок: automations/Frontend Engineer (React)/2025/11 ноябрь/29 ноябрь (СБ)
РЕАЛЬНЫЕ ДАННЫЕ: ID папки: 1surfRQ1vpQmB6xGxpnsYllEP7UZs__ZQ
РЕАЛЬНЫЕ ДАННЫЕ: ID файла: 1rcw5AOjjKWoaufdNDbcc5CCofBcImQHYJ1FkyLPqHjY
РЕАЛЬНЫЕ ДАННЫЕ: Ссылка: https://docs.google.com/spreadsheets/d/1rcw5AOjjKWoaufdNDbcc5CCofBcImQHYJ1FkyLPqHjY/edit
РЕАЛЬНЫЕ ДАННЫЕ: Название файла: None ТЕСТ | Scorecard FE
🔍 API запрос: GET https://api.huntflow.ru/v2/accounts
📥 Ответ API: 200
📥 Тело ответа: {"items":[{"id":291341,"name":"Softnetix","nick":"softnetix","member_type":"owner","production_calendar":1}]}...
🔍 API запрос: GET https://api.huntflow.ru/v2/accounts/291341/applicants/questionary
📥 Ответ API: 200
📥 Тело ответа: {"kIbah4MN0iHussXm3n2Ar":{"type":"select","id":3059,"title":"Уровень","required":false,"order":1,"values":["Junior","Junior+","Middle","Middle+","Senior"],"show_in_profile":true,"is_archived":false,"account":291341,"disableAutofill":true,"search_field":"string_field_1","search_filter":true},"oMvUCpzbKSzzhPLUCwmGW":{"type":"url","id":3067,"title":"Scorecard","required":false,"order":2,"show_in_profile":true,"is_archived":false,"account":291341,"search_field":"string_field_7","search_filter":true,...
🔍 Найдено поле Scorecard в схеме: oMvUCpzbKSzzhPLUCwmGW = Scorecard (тип: url)
📝 Обновляем поле Scorecard oMvUCpzbKSzzhPLUCwmGW со ссылкой: https://docs.google.com/spreadsheets/d/1rcw5AOjjKWoaufdNDbcc5CCofBcImQHYJ1FkyLPqHjY/edit
DEBUG: Пробуем обновить анкету через /accounts/291341/applicants/76643938/questionary с данными {'oMvUCpzbKSzzhPLUCwmGW': 'https://docs.google.com/spreadsheets/d/1rcw5AOjjKWoaufdNDbcc5CCofBcImQHYJ1FkyLPqHjY/edit'}
🔍 API запрос: PATCH https://api.huntflow.ru/v2/accounts/291341/applicants/76643938/questionary
📤 JSON данные: {'oMvUCpzbKSzzhPLUCwmGW': 'https://docs.google.com/spreadsheets/d/1rcw5AOjjKWoaufdNDbcc5CCofBcImQHYJ1FkyLPqHjY/edit'}
📥 Ответ API: 200
📥 Тело ответа: {"kIbah4MN0iHussXm3n2Ar":"Middle","oMvUCpzbKSzzhPLUCwmGW":"https://docs.google.com/spreadsheets/d/1rcw5AOjjKWoaufdNDbcc5CCofBcImQHYJ1FkyLPqHjY/edit","CsWOTYehY2IkL3I7myfwM":null,"YAMd8vkvLFq5KLmIkiLVf":null,"n-U2tU6G5iBoxSPkXFN7F":null,"S58S9DFqO7w-JzDbF2HJA":null,"c8wID33nTMvoCpJmtngyq":null,"Ew3LqHTK8SL67j2VQ-n6y":null,"DoOdxUlwbb0nILXQGBDaT":null,"ICXvQX-WT9eleJW-QlVa9":null,"RMLxfRH9raQtHItMcdeq-":null,"X6qYbAqZnb0q1R3VMumbH":null,"bfPBtccRoL5s_7xyLXuia":null}...
🗑️ Сброшен кэш для кандидата: 76643938
✅ Поле Scorecard обновлено со ссылкой на scorecard
✅ Поле 'Scorecard' в Huntflow обновлено со ссылкой на scorecard
🔍 Создаем календарное событие...
🔍 API запрос: GET https://api.huntflow.ru/v2/accounts
📥 Ответ API: 200
📥 Тело ответа: {"items":[{"id":291341,"name":"Softnetix","nick":"softnetix","member_type":"owner","production_calendar":1}]}...
🔍 API запрос: GET https://api.huntflow.ru/v2/accounts/291341/applicants/76643938
📥 Ответ API: 500
📥 Тело ответа: {"errors":[{"type":"internal_server_error","title":"Internal Server Error"}]}...
❌ Email кандидата не найден в Huntflow
📅 Сгенерировано название события: JS Tech Screening | None ТЕСТ
✅ Найдена длительность скринингов для вакансии 'Frontend Engineer (React)': 45 минут
⏱️ Используем длительность скринингов: 45 минут
📝 Найден телеграм рекрутера: talent_softnetix
📝 Ссылка на телеграм: https://t.me/talent_softnetix
📝 Сопроводительный текст: Попрошу быть с камерой. Технический скрининг будет с секцией лайв-кодинга (нужно будет шарить экран)...
🔍 API запрос: GET https://api.huntflow.ru/v2/accounts
📥 Ответ API: 200
📥 Тело ответа: {"items":[{"id":291341,"name":"Softnetix","nick":"softnetix","member_type":"owner","production_calendar":1}]}...
🔗 Сгенерирована ссылка на Huntflow (prod): https://huntflow.ru/my/softnetix#/vacancy/3936868/filter/workon/id/76643938
👥 Добавляем пользователя в участники: andrei.golubenko@softnetix.io
🔍 Время с timezone: 2025-11-29 14:00:00+03:00
🔍 Время начала (UTC): 2025-11-29 11:00:00+00:00
🔍 Время окончания (UTC): 2025-11-29 11:45:00+00:00
🔍 Строка времени начала: 2025-11-29T11:00:00
🔍 Строка времени окончания: 2025-11-29T11:45:00
📅 Создаем событие: JS Tech Screening | None ТЕСТ
📅 Время начала: 2025-11-29T11:00:00
📅 Время окончания: 2025-11-29T11:45:00
📅 Данные события: {'summary': 'JS Tech Screening | None ТЕСТ', 'description': 'Попрошу быть с камерой. Технический скрининг будет с секцией лайв-кодинга (нужно будет шарить экран). Если возникнут вопросы - на связи в телеграм <a href="https://t.me/talent_softnetix">@talent_softnetix</a>\n\nДля интервьюеров:\nhttps://huntflow.ru/my/softnetix#/vacancy/3936868/filter/workon/id/76643938', 'location': '', 'start': {'dateTime': '2025-11-29T11:00:00', 'timeZone': 'UTC'}, 'end': {'dateTime': '2025-11-29T11:45:00', 'timeZone': 'UTC'}, 'attendees': [{'email': 'andrei.golubenko@softnetix.io'}], 'conferenceData': {'createRequest': {'requestId': 'meet-202511291400', 'conferenceSolutionKey': {'type': 'hangoutsMeet'}}}, 'reminders': {'useDefault': False, 'overrides': [{'method': 'email', 'minutes': 1440}, {'method': 'popup', 'minutes': 10}]}}
✅ Событие создано: JS Tech Screening | None ТЕСТ (2025-11-29 14:00:00+03:00 - 2025-11-29 14:45:00+03:00)
⏱️ Длительность: 45 минут
🔗 Ссылка на событие: https://www.google.com/calendar/event?eid=aWxhNzJkbWE0ZmtsZzByNDkyNHR0MDViMjAgYW5kcmVpLmdvbHViZW5rb0Bzb2Z0bmV0aXguaW8
🔗 Google Meet ссылка: https://meet.google.com/yww-vruj-pox
✅ Календарное событие создано: JS Tech Screening | None ТЕСТ
🔗 Ссылка на событие: https://www.google.com/calendar/event?eid=aWxhNzJkbWE0ZmtsZzByNDkyNHR0MDViMjAgYW5kcmVpLmdvbHViZW5rb0Bzb2Z0bmV0aXguaW8
🔍 Результат создания календарного события: True
[TECH_SCREENING_UPDATE] Календарное событие создано успешно, обновляем статус...
[TECH_SCREENING] Начинаем обновление статуса кандидата 76643938
[TECH_SCREENING] Импорты выполнены успешно
🔍 API запрос: GET https://api.huntflow.ru/v2/accounts
📥 Ответ API: 200
📥 Тело ответа: {"items":[{"id":291341,"name":"Softnetix","nick":"softnetix","member_type":"owner","production_calendar":1}]}...
[TECH_SCREENING] Получен account_id: 291341Ошибка API: 500 - {"errors":[{"type":"internal_server_error","title":"Internal Server Error"}]}

🔍 TECH_SCREENING: Используем статус из вакансии: 186503
✅ Найдена длительность скринингов для вакансии 'Frontend Engineer (React)': 45 минут
[TECH_SCREENING] Кандидат: 76643938 -> Tech Screening
[TECH_SCREENING] Комментарий: Суббота, 29 ноября⋅14:00–14:45
[TECH_SCREENING] Используем статус ID: 186503
[TECH_SCREENING] Вызываем update_applicant_status...
🔍 API запрос: GET https://api.huntflow.ru/v2/accounts/291341/applicants/76643938
📥 Ответ API: 500
📥 Тело ответа: {"errors":[{"type":"internal_server_error","title":"Internal Server Error"}]}...
DEBUG: Не удалось получить данные кандидата 76643938
[TECH_SCREENING] Результат update_applicant_status: None
[TECH_SCREENING] Ошибка при обновлении статуса
[TECH_SCREENING_UPDATE] Статус обновлен: False
✅ COMBINED_FORM_SAVE: Структура Google Drive создана
🔍 COMBINED_FORM_SAVE: Обрабатываем scorecard...
🚀 INVITE.process_scorecard: Начинаем обработку скоркарда для инвайта 406
📁 INVITE.process_scorecard: File ID: 1rcw5AOjjKWoaufdNDbcc5CCofBcImQHYJ1FkyLPqHjY
👤 INVITE.process_scorecard: Кандидат: None ТЕСТ
🔍 INVITE.process_scorecard: Проверяем Google OAuth...
🔧 INVITE.process_scorecard: Создаем GoogleSheetsService...
📋 INVITE.process_scorecard: Вакансия найдена: Frontend Engineer (React) (ID: 3936868)
🔧 INVITE.process_scorecard: Создаем ScorecardProcessor...
▶️ INVITE.process_scorecard: Вызываем processor.process_scorecard...
🚀 SCORECARD: Начинаем обработку скоркарда для None ТЕСТ
📁 SCORECARD: File ID: 1rcw5AOjjKWoaufdNDbcc5CCofBcImQHYJ1FkyLPqHjY
👤 SCORECARD: Кандидат: None ТЕСТ
📊 SCORECARD: Грейд: Middle
🔗 SCORECARD: candidate_url: https://huntflow.ru/my/softnetix#/vacancy/3936868/filter/186500/id/76643938
📋 SCORECARD: vacancy_id: 3936868
📄 SCORECARD: Шаг 1 - Обработка листов
📋 SCORECARD: Листы для сохранения: ['middle', 'all', 'score', "Task's"]
🔍 SCORECARD: Обработка листа: 'All' (keep: True, delete: False)
🔍 SCORECARD: Обработка листа: 'Score' (keep: True, delete: False)
🔍 SCORECARD: Обработка листа: 'Task's' (keep: True, delete: False)
🔍 SCORECARD: Обработка листа: 'Junior' (keep: False, delete: False)
🔍 SCORECARD: Обработка листа: 'Junior+' (keep: False, delete: False)
🔍 SCORECARD: Обработка листа: 'Middle' (keep: True, delete: False)
🔍 SCORECARD: Обработка листа: 'Middle+' (keep: False, delete: False)
🔍 SCORECARD: Обработка листа: 'Senior' (keep: False, delete: False)
✏️ SCORECARD: Шаг 2 - Заполнение полей и замена плейсхолдеров
🔄 SCORECARD: Начинаем замену плейсхолдеров в файле 1rcw5AOjjKWoaufdNDbcc5CCofBcImQHYJ1FkyLPqHjY
🔍 API запрос: GET https://api.huntflow.ru/v2/accounts
📥 Ответ API: 200
📥 Тело ответа: {"items":[{"id":291341,"name":"Softnetix","nick":"softnetix","member_type":"owner","production_calendar":1}]}...
🔗 Сгенерирована ссылка на Huntflow (prod): https://huntflow.ru/my/softnetix#/vacancy/3936868/filter/workon/id/76643938
🔗 SCORECARD: Получена ссылка Huntflow: https://huntflow.ru/my/softnetix#/vacancy/3936868/filter/workon/id/76643938
🔗 SCORECARD: Ссылка Huntflow: https://huntflow.ru/my/softnetix#/vacancy/3936868/filter/workon/id/76643938
📊 SCORECARD: Используем грейд из инвайте: Middle
📊 SCORECARD: Грейд кандидата: Middle
🔄 SCORECARD: Заменяем [HUNTFLOW_LINK] на https://huntflow.ru/my/softnetix#/vacancy/3936868/...
🔍 SCORECARD: Ищем '[HUNTFLOW_LINK]' для замены на 'https://huntflow.ru/my/softnetix#/vacancy/3936868/...'
📋 SCORECARD: Найдено листов: 4
📄 SCORECARD: Обрабатываем лист 'All' (ID: 0) для замены '[HUNTFLOW_LINK]'
📄 SCORECARD: Обрабатываем лист 'Score' (ID: 1731548142) для замены '[HUNTFLOW_LINK]'
📄 SCORECARD: Обрабатываем лист 'Task's' (ID: 383618631) для замены '[HUNTFLOW_LINK]'
📄 SCORECARD: Обрабатываем лист 'Middle' (ID: 414376671) для замены '[HUNTFLOW_LINK]'
🔄 SCORECARD: Отправляем 4 запросов на замену
✅ SCORECARD: Заменено '[HUNTFLOW_LINK]' на 'https://huntflow.ru/my/softnetix#/vacancy/3936868/...' в 0 местах на 4 листах
⚠️ SCORECARD: Плейсхолдер '[HUNTFLOW_LINK]' не найден в таблице
⚠️ SCORECARD: Не удалось заменить [HUNTFLOW_LINK]
🔄 SCORECARD: Заменяем [LINK] на https://huntflow.ru/my/softnetix#/vacancy/3936868/...
🔍 SCORECARD: Ищем '[LINK]' для замены на 'https://huntflow.ru/my/softnetix#/vacancy/3936868/...'
📋 SCORECARD: Найдено листов: 4
📄 SCORECARD: Обрабатываем лист 'All' (ID: 0) для замены '[LINK]'
📄 SCORECARD: Обрабатываем лист 'Score' (ID: 1731548142) для замены '[LINK]'
📄 SCORECARD: Обрабатываем лист 'Task's' (ID: 383618631) для замены '[LINK]'
📄 SCORECARD: Обрабатываем лист 'Middle' (ID: 414376671) для замены '[LINK]'
🔄 SCORECARD: Отправляем 4 запросов на замену
✅ SCORECARD: Заменено '[LINK]' на 'https://huntflow.ru/my/softnetix#/vacancy/3936868/...' в 1 местах на 4 листах
✅ SCORECARD: [LINK] заменен успешно
🔄 SCORECARD: Заменяем [GRADE] на Middle
🔍 SCORECARD: Ищем '[GRADE]' для замены на 'Middle...'
📋 SCORECARD: Найдено листов: 4
📄 SCORECARD: Обрабатываем лист 'All' (ID: 0) для замены '[GRADE]'
📄 SCORECARD: Обрабатываем лист 'Score' (ID: 1731548142) для замены '[GRADE]'
📄 SCORECARD: Обрабатываем лист 'Task's' (ID: 383618631) для замены '[GRADE]'
📄 SCORECARD: Обрабатываем лист 'Middle' (ID: 414376671) для замены '[GRADE]'
🔄 SCORECARD: Отправляем 4 запросов на замену
✅ SCORECARD: Заменено '[GRADE]' на 'Middle...' в 1 местах на 4 листах
✅ SCORECARD: [GRADE] заменен успешно
🔄 SCORECARD: Заменяем комбинированные плейсхолдеры
🔧 SCORECARD: Всего заменено плейсхолдеров: 2
🔍 API запрос: GET https://api.huntflow.ru/v2/accounts
📥 Ответ API: 200
📥 Тело ответа: {"items":[{"id":291341,"name":"Softnetix","nick":"softnetix","member_type":"owner","production_calendar":1}]}...
🔗 Сгенерирована ссылка на Huntflow (prod): https://huntflow.ru/my/softnetix#/vacancy/3936868/filter/workon/id/76643938
🔗 SCORECARD: Получена ссылка Huntflow: https://huntflow.ru/my/softnetix#/vacancy/3936868/filter/workon/id/76643938
📊 SCORECARD: Используем грейд из инвайте: Middle
✅ SCORECARD: Заполнено поле All!A1: Frontend Developer Scorecard
🔍 API запрос: GET https://api.huntflow.ru/v2/accounts
📥 Ответ API: 200
📥 Тело ответа: {"items":[{"id":291341,"name":"Softnetix","nick":"softnetix","member_type":"owner","production_calendar":1}]}...
🔗 Сгенерирована ссылка на Huntflow (prod): https://huntflow.ru/my/softnetix#/vacancy/3936868/filter/workon/id/76643938
🔗 SCORECARD: Получена ссылка Huntflow: https://huntflow.ru/my/softnetix#/vacancy/3936868/filter/workon/id/76643938
📊 SCORECARD: Используем грейд из инвайте: Middle[28/Nov/2025 17:41:22] "POST /google-oauth/chat/38/ajax/ HTTP/1.1" 200 5688
/Users/agolubenko/hrhelper/fullstack/backend/logic/scorecard/config.py changed, reloading.

✅ SCORECARD: Заполнено поле All!B1: None ТЕСТ
🔍 API запрос: GET https://api.huntflow.ru/v2/accounts
📥 Ответ API: 200
📥 Тело ответа: {"items":[{"id":291341,"name":"Softnetix","nick":"softnetix","member_type":"owner","production_calendar":1}]}...
🔗 Сгенерирована ссылка на Huntflow (prod): https://huntflow.ru/my/softnetix#/vacancy/3936868/filter/workon/id/76643938
🔗 SCORECARD: Получена ссылка Huntflow: https://huntflow.ru/my/softnetix#/vacancy/3936868/filter/workon/id/76643938
📊 SCORECARD: Используем грейд из инвайте: Middle
✅ SCORECARD: Заполнено поле All!C1: Middle
📝 SCORECARD: Шаг 3 - Формирование названия файла
🔍 API запрос: GET https://api.huntflow.ru/v2/accounts
📥 Ответ API: 200
📥 Тело ответа: {"items":[{"id":291341,"name":"Softnetix","nick":"softnetix","member_type":"owner","production_calendar":1}]}...
🔗 Сгенерирована ссылка на Huntflow (prod): https://huntflow.ru/my/softnetix#/vacancy/3936868/filter/workon/id/76643938
🔗 SCORECARD: Получена ссылка Huntflow: https://huntflow.ru/my/softnetix#/vacancy/3936868/filter/workon/id/76643938
📊 SCORECARD: Используем грейд из инвайте: Middle
✅ SCORECARD: Обработка завершена успешно
📊 INVITE.process_scorecard: Результат: success=True, errors=[]
✅ INVITE.process_scorecard: Scorecard обработан. Сохранены листы: All, Score, Task's, Middle. Удалены листы: Junior, Junior+, Middle+, Senior. Выполнено действий: 1.
✅ COMBINED_FORM_SAVE: Scorecard обработан
🔍 COMBINED_FORM_SAVE: Добавляем метку интервьюера в Huntflow...
🔍 INTERVIEWER_TAG: Начинаем добавление метки интервьюера...
ℹ️ INTERVIEWER_TAG: Нет интервьюера для добавления метки в Huntflow
✅ COMBINED_FORM_SAVE: Метка интервьюера добавлена
✅ COMBINED_FORM_SAVE: Инвайт сохранен с ID: 406
🔍 CHAT AJAX: Последнее системное сообщение: Инвайт - 28.11.2025 14:41 (type: invite)
🔍 CHAT AJAX: Рендерим HTML для сообщения типа: invite
🔍 CHAT AJAX: HTML сгенерирован, длина: 4730
Watching for file changes with StatReloader
Performing system checks...

System check identified no issues (0 silenced).
November 28, 2025 - 17:44:21
Django version 4.2.16, using settings 'config.settings'
Starting development server at http://127.0.0.1:8000/
Quit the server with CONTROL-C.

🔍 CHAT AJAX HANDLER: Получен запрос на session_id=38
🔍 CHAT AJAX HANDLER: Метод=POST, Content-Type=application/json
🔍 CHAT AJAX: Анализируем сообщение: '/in https://huntflow.ru/my/softnetix#/vacancy/3936868/filter/186500/id/76643938
Завтра 13'
🔍 CHAT AJAX: action_type_from_js: 'invite' (type: <class 'str'>, bool: True)
🔍 CHAT AJAX: Команда /in обнаружена в тексте - принудительный инвайт
🔍 CHAT AJAX: ФИНАЛЬНЫЙ action_type: 'invite'
🔍 CLEAN_COMBINED_DATA: combined_data = 'https://huntflow.ru/my/softnetix#/vacancy/3936868/filter/186500/id/76643938
Завтра 13'
🔍 CLEAN_COMBINED_DATA: Найдено URLs: ['https://huntflow.ru/my/softnetix#/vacancy/3936868/filter/186500/id/76643938']
✅ CLEAN_COMBINED_DATA: URL извлечен: https://huntflow.ru/my/softnetix#/vacancy/3936868/filter/186500/id/76643938
✅ CLEAN_COMBINED_DATA: Весь текст сохранен для парсера: 'https://huntflow.ru/my/softnetix#/vacancy/3936868/filter/186500/id/76643938
Завтра 13'
🔍 COMBINED_FORM_CLEAN: Начинаем очистку формы
🔍 COMBINED_FORM_CLEAN: cleaned_data keys: ['candidate_url', 'interview_datetime', 'combined_data', 'selected_interviewer']
🔍 COMBINED_FORM_CLEAN: combined_data: https://huntflow.ru/my/softnetix#/vacancy/3936868/filter/186500/id/76643938
Завтра 13
🔍 COMBINED_FORM_CLEAN: URL извлечен, дату обработает парсер
🔍 COMBINED_FORM_CLEAN: Финальные cleaned_data: {'candidate_url': 'https://huntflow.ru/my/softnetix#/vacancy/3936868/filter/186500/id/76643938', 'interview_datetime': None, 'combined_data': 'https://huntflow.ru/my/softnetix#/vacancy/3936868/filter/186500/id/76643938\nЗавтра 13', 'selected_interviewer': ''}
🔍 COMBINED_FORM_SAVE: Начинаем сохранение инвайта...
🔍 COMBINED_FORM_SAVE: Установлен email пользователя: andrei.golubenko@softnetix.io
🔍 COMBINED_FORM_SAVE: Сохранены исходные данные: https://huntflow.ru/my/softnetix#/vacancy/3936868/filter/186500/id/76643938
Завтра 13...
🔍 COMBINED_FORM_SAVE: Инвайт создан, user: andrei.golubenko
🔍 COMBINED_FORM_SAVE: Парсим URL...
🔍 API запрос: GET https://api.huntflow.ru/v2/accounts
📥 Ответ API: 200
📥 Тело ответа: {"items":[{"id":291341,"name":"Softnetix","nick":"softnetix","member_type":"owner","production_calendar":1}]}...
🔍 PARSE_URL: Используем первый доступный account_id: 291341
✅ COMBINED_FORM_SAVE: URL распарсен успешно
🔍 COMBINED_FORM_SAVE: Получаем информацию о кандидате...
🔍 API запрос: GET https://api.huntflow.ru/v2/accounts
📥 Ответ API: 200
📥 Тело ответа: {"items":[{"id":291341,"name":"Softnetix","nick":"softnetix","member_type":"owner","production_calendar":1}]}...
🔍 GET_CANDIDATE_INFO: Автоматически получен account_id: 291341
🔍 API запрос: GET https://api.huntflow.ru/v2/accounts/291341/applicants/76643938
📥 Ответ API: 200
📥 Тело ответа: {"first_name":"ТЕСТ","last_name":null,"middle_name":null,"money":null,"phone":null,"email":null,"skype":null,"position":null,"company":null,"photo":null,"id":76643938,"account":291341,"photo_url":null,"birthday":null,"created":"2025-11-28T17:07:18+03:00","tags":[],"links":[{"id":72202049,"status":186503,"updated":"2025-11-28T17:37:41+03:00","changed":"2025-11-28T17:37:41+03:00","vacancy":3936868}],"external":[{"id":76472841,"auth_type":"NATIVE","account_source":null,"updated":"2025-11-28T17:07:1...
💾 Сохранены данные кандидата в кэш: 76643938
🔍 API запрос: GET https://api.huntflow.ru/v2/accounts/291341/applicants/76643938/questionary
📥 Ответ API: 200
📥 Тело ответа: {"kIbah4MN0iHussXm3n2Ar":"Middle","oMvUCpzbKSzzhPLUCwmGW":"https://docs.google.com/spreadsheets/d/1rcw5AOjjKWoaufdNDbcc5CCofBcImQHYJ1FkyLPqHjY/edit","CsWOTYehY2IkL3I7myfwM":null,"YAMd8vkvLFq5KLmIkiLVf":null,"n-U2tU6G5iBoxSPkXFN7F":null,"S58S9DFqO7w-JzDbF2HJA":null,"c8wID33nTMvoCpJmtngyq":null,"Ew3LqHTK8SL67j2VQ-n6y":null,"DoOdxUlwbb0nILXQGBDaT":null,"ICXvQX-WT9eleJW-QlVa9":null,"RMLxfRH9raQtHItMcdeq-":null,"X6qYbAqZnb0q1R3VMumbH":null,"bfPBtccRoL5s_7xyLXuia":null}...
РЕАЛЬНЫЕ ДАННЫЕ: Доступные активные грейды компании: ['Junior', 'Junior+', 'Middle', 'Middle+', 'Senior']
РЕАЛЬНЫЕ ДАННЫЕ: Не удалось получить схему анкеты: HuntflowService.get_applicant_questionary_schema() takes 2 positional arguments but 3 were given
РЕАЛЬНЫЕ ДАННЫЕ: Найден уровень по значению: Middle (поле: kIbah4MN0iHussXm3n2Ar)
РЕАЛЬНЫЕ ДАННЫЕ: ✅ Найден уровень в анкете: Middle (поле: kIbah4MN0iHussXm3n2Ar)
РЕАЛЬНЫЕ ДАННЫЕ: Получена информация о кандидате 76643938
РЕАЛЬНЫЕ ДАННЫЕ: Имя: None ТЕСТ
РЕАЛЬНЫЕ ДАННЫЕ: Уровень: Middle
✅ COMBINED_FORM_SAVE: Информация о кандидате получена
🔍 COMBINED_FORM_SAVE: Получаем информацию о вакансии...
ЛОКАЛЬНЫЕ ДАННЫЕ: Найдена вакансия в локальной БД: Frontend Engineer (React)
ЛОКАЛЬНЫЕ ДАННЫЕ: Шаблон scorecard: https://docs.google.com/spreadsheets/d/1Zz61HtsXAWvfHtlTucfJQnJEDCKLwcVRybmT9BHfZqg/edit?gid=1164423222#gid=1164423222
ЛОКАЛЬНЫЕ ДАННЫЕ: Длительность скринингов: 45 минут
✅ COMBINED_FORM_SAVE: Информация о вакансии получена
🤖 COMBINED_FORM_SAVE: Анализируем время с помощью парсера...
🔍 [ENHANCED_PARSER] Анализируем текст пользователя andrei.golubenko
🔍 [ENHANCED_PARSER] Текст для анализа: Завтра 13...
📅 [BOOKINGS] Получаем существующие бронирования...
💾 Сохранены события календаря в кэш: 47 событий
✅ [BOOKINGS] Найдено событий: 47
✅ [PARSER_INIT] Загружены полные словари: 194 дней недели, 3156 месяцев
[ENHANCED_PARSER] Исходный текст: Завтра 13
[ENHANCED_PARSER] Нормализованный текст: завтра 13
[ENHANCED_PARSER] Найдена относительная дата: 2025-11-29 17:46:59.299648+03:00
[ENHANCED_PARSER] Найдено время: (13, 0)
⚠️ [SLOT_CHECK] Ошибка проверки события: can't compare offset-naive and offset-aware datetimes
⚠️ [SLOT_CHECK] Ошибка проверки события: can't compare offset-naive and offset-aware datetimes
✅ [SLOT_CHECK] Слот 29.11 13:00 свободен
[ENHANCED_PARSER] Итоговый результат: 29.11.2025 13:00
[ENHANCED_PARSER] Уверенность: 0.95
[ENHANCED_PARSER] Исправлений: 0
✅ [ENHANCED_PARSER] Определена дата/время: 29.11.2025 13:00
📊 [ENHANCED_PARSER] Уверенность: 0.95
🔧 [ENHANCED_PARSER] Исправлений: 0
✔️ [ENHANCED_PARSER] Валидация: Пройдена
📅 [ENHANCED_PARSER] Альтернативные слоты:
  - 06.12.2025 13:00 (уверенность: 0.85)
  - 01.12.2025 13:00 (уверенность: 0.80)
  - 29.11.2025 14:00 (уверенность: 0.75)
✅ COMBINED_FORM_SAVE: Время проанализировано с помощью парсера
✅ COMBINED_FORM_SAVE: Дата интервью установлена из парсера: 2025-11-29 13:00:00+03:00
🔍 COMBINED_FORM_SAVE: Извлекаем кастомную длительность...
ℹ️ COMBINED_FORM_SAVE: Кастомная длительность не найдена, будет использована стандартная
🔍 COMBINED_FORM_SAVE: Создаем структуру Google Drive...
ЛОКАЛЬНЫЕ ДАННЫЕ: Используем scorecard из локальной БД: | Scorecard FE
ЛОКАЛЬНЫЕ ДАННЫЕ: Ссылка на шаблон: https://docs.google.com/spreadsheets/d/1Zz61HtsXAWvfHtlTucfJQnJEDCKLwcVRybmT9BHfZqg/edit?gid=1164423222#gid=1164423222
🔍 SAMPLE_DATA: Подготавливаем данные для генерации пути папок
🔍 SAMPLE_DATA: candidate_name = 'None ТЕСТ'
🔍 SAMPLE_DATA: vacancy_title = 'Frontend Engineer (React)'
🔍 SAMPLE_DATA: interview_datetime = '2025-11-29 13:00:00+03:00'
🔍 SAMPLE_DATA: Подготовленные данные:
🔍 SAMPLE_DATA:   date = '29.11.2025'
🔍 SAMPLE_DATA:   day = '29'
🔍 SAMPLE_DATA:   week_number = '48'
🔍 SAMPLE_DATA:   week_short_en = 'W48'
🔍 SAMPLE_DATA:   week_short_ru = 'Н48'
🔍 SAMPLE_DATA:   week_full_en = 'Week 48'
🔍 SAMPLE_DATA:   week_full_ru = 'Неделя 48'
🔍 SAMPLE_DATA:   month_num = '11'
🔍 SAMPLE_DATA:   month_short_ru = 'ноя'
🔍 SAMPLE_DATA:   month_short_en = 'Nov'
🔍 SAMPLE_DATA:   month_full_ru = 'ноябрь'
🔍 SAMPLE_DATA:   month_full_en = 'November'
🔍 SAMPLE_DATA:   weekday_short_ru = 'СБ'
🔍 SAMPLE_DATA:   weekday_short_en = 'Sat'
🔍 SAMPLE_DATA:   weekday_full_ru = 'Суббота'
🔍 SAMPLE_DATA:   weekday_full_en = 'Saturday'
🔍 SAMPLE_DATA:   year_short = '25'
🔍 SAMPLE_DATA:   year_full = '2025'
🔍 SAMPLE_DATA:   candidate_first_name = 'ТЕСТ'
🔍 SAMPLE_DATA:   candidate_last_name = 'None'
🔍 SAMPLE_DATA:   candidate_middle_name = ''
🔍 SAMPLE_DATA:   candidate_id = '76643938'
🔍 SAMPLE_DATA:   vacancy_title = 'Frontend Engineer (React)'
🔍 SAMPLE_DATA:   vacancy_id = '3936868'
🔍 FOLDER_GEN: Обрабатываем элемент: type=text, value='automations'
🔍 FOLDER_GEN: Text элемент: 'automations'
🔍 FOLDER_GEN: Добавлена папка: 'automations'
🔍 FOLDER_GEN: Обрабатываем элемент: type=mixed, value='[vacancy_title]'
🔍 FOLDER_GEN: Mixed элемент: '[vacancy_title]' -> 'Frontend Engineer (React)'
🔍 FOLDER_GEN: Добавлена папка: 'Frontend Engineer (React)'
🔍 FOLDER_GEN: Обрабатываем элемент: type=mixed, value='[year_full]'
🔍 FOLDER_GEN: Mixed элемент: '[year_full]' -> '2025'
🔍 FOLDER_GEN: Добавлена папка: '2025'
🔍 FOLDER_GEN: Обрабатываем элемент: type=mixed, value='[month_num] [month_full_ru]'
🔍 FOLDER_GEN: Mixed элемент: '[month_num] [month_full_ru]' -> '11 ноябрь'
🔍 FOLDER_GEN: Добавлена папка: '11 ноябрь'
🔍 FOLDER_GEN: Обрабатываем элемент: type=mixed, value='[day] [month_full_ru] ([weekday_short_ru])'
🔍 FOLDER_GEN: Mixed элемент: '[day] [month_full_ru] ([weekday_short_ru])' -> '29 ноябрь (СБ)'
🔍 FOLDER_GEN: Добавлена папка: '29 ноябрь (СБ)'
НАСТРОЙКИ ПАПОК: Структура папок: automations/Frontend Engineer (React)/2025/11 ноябрь/29 ноябрь (СБ)
НАСТРОЙКИ ПАПОК: База названия файла: None ТЕСТ
РЕАЛЬНЫЕ ДАННЫЕ: Создана структура папок: automations/Frontend Engineer (React)/2025/11 ноябрь/29 ноябрь (СБ)
РЕАЛЬНЫЕ ДАННЫЕ: ID папки: 1surfRQ1vpQmB6xGxpnsYllEP7UZs__ZQ
РЕАЛЬНЫЕ ДАННЫЕ: ID файла: 1av3aFX0prbJH5gjcC6IitierROhQlUJANyhLZuIQHJs
РЕАЛЬНЫЕ ДАННЫЕ: Ссылка: https://docs.google.com/spreadsheets/d/1av3aFX0prbJH5gjcC6IitierROhQlUJANyhLZuIQHJs/edit
РЕАЛЬНЫЕ ДАННЫЕ: Название файла: None ТЕСТ | Scorecard FE
🔍 API запрос: GET https://api.huntflow.ru/v2/accounts
📥 Ответ API: 200
📥 Тело ответа: {"items":[{"id":291341,"name":"Softnetix","nick":"softnetix","member_type":"owner","production_calendar":1}]}...
🔍 API запрос: GET https://api.huntflow.ru/v2/accounts/291341/applicants/questionary
📥 Ответ API: 200
📥 Тело ответа: {"kIbah4MN0iHussXm3n2Ar":{"type":"select","id":3059,"title":"Уровень","required":false,"order":1,"values":["Junior","Junior+","Middle","Middle+","Senior"],"show_in_profile":true,"search_filter":true,"is_archived":false,"disableAutofill":true,"account":291341,"search_field":"string_field_1"},"oMvUCpzbKSzzhPLUCwmGW":{"type":"url","id":3067,"title":"Scorecard","required":false,"order":2,"show_in_profile":true,"placeholder":"","search_filter":true,"is_archived":false,"account":291341,"search_field":...
🔍 Найдено поле Scorecard в схеме: oMvUCpzbKSzzhPLUCwmGW = Scorecard (тип: url)
📝 Обновляем поле Scorecard oMvUCpzbKSzzhPLUCwmGW со ссылкой: https://docs.google.com/spreadsheets/d/1av3aFX0prbJH5gjcC6IitierROhQlUJANyhLZuIQHJs/edit
DEBUG: Пробуем обновить анкету через /accounts/291341/applicants/76643938/questionary с данными {'oMvUCpzbKSzzhPLUCwmGW': 'https://docs.google.com/spreadsheets/d/1av3aFX0prbJH5gjcC6IitierROhQlUJANyhLZuIQHJs/edit'}
🔍 API запрос: PATCH https://api.huntflow.ru/v2/accounts/291341/applicants/76643938/questionary
📤 JSON данные: {'oMvUCpzbKSzzhPLUCwmGW': 'https://docs.google.com/spreadsheets/d/1av3aFX0prbJH5gjcC6IitierROhQlUJANyhLZuIQHJs/edit'}
📥 Ответ API: 200
📥 Тело ответа: {"kIbah4MN0iHussXm3n2Ar":"Middle","oMvUCpzbKSzzhPLUCwmGW":"https://docs.google.com/spreadsheets/d/1av3aFX0prbJH5gjcC6IitierROhQlUJANyhLZuIQHJs/edit","CsWOTYehY2IkL3I7myfwM":null,"YAMd8vkvLFq5KLmIkiLVf":null,"n-U2tU6G5iBoxSPkXFN7F":null,"S58S9DFqO7w-JzDbF2HJA":null,"c8wID33nTMvoCpJmtngyq":null,"Ew3LqHTK8SL67j2VQ-n6y":null,"DoOdxUlwbb0nILXQGBDaT":null,"ICXvQX-WT9eleJW-QlVa9":null,"RMLxfRH9raQtHItMcdeq-":null,"X6qYbAqZnb0q1R3VMumbH":null,"bfPBtccRoL5s_7xyLXuia":null}...
🗑️ Сброшен кэш для кандидата: 76643938
✅ Поле Scorecard обновлено со ссылкой на scorecard
✅ Поле 'Scorecard' в Huntflow обновлено со ссылкой на scorecard
🔍 Создаем календарное событие...
🔍 API запрос: GET https://api.huntflow.ru/v2/accounts
📥 Ответ API: 200
📥 Тело ответа: {"items":[{"id":291341,"name":"Softnetix","nick":"softnetix","member_type":"owner","production_calendar":1}]}...
🔍 API запрос: GET https://api.huntflow.ru/v2/accounts/291341/applicants/76643938
📥 Ответ API: 200
📥 Тело ответа: {"first_name":"ТЕСТ","last_name":null,"middle_name":null,"money":null,"phone":null,"email":null,"skype":null,"position":null,"company":null,"photo":null,"id":76643938,"account":291341,"photo_url":null,"birthday":null,"created":"2025-11-28T17:07:18+03:00","tags":[],"links":[{"id":72202049,"status":186503,"updated":"2025-11-28T17:37:41+03:00","changed":"2025-11-28T17:37:41+03:00","vacancy":3936868}],"external":[{"id":76472841,"auth_type":"NATIVE","account_source":null,"updated":"2025-11-28T17:07:1...
💾 Сохранены данные кандидата в кэш: 76643938
❌ Email кандидата не найден в Huntflow
📅 Сгенерировано название события: JS Tech Screening | None ТЕСТ
✅ Найдена длительность скринингов для вакансии 'Frontend Engineer (React)': 45 минут
⏱️ Используем длительность скринингов: 45 минут
📝 Найден телеграм рекрутера: talent_softnetix
📝 Ссылка на телеграм: https://t.me/talent_softnetix
📝 Сопроводительный текст: Попрошу быть с камерой. Технический скрининг будет с секцией лайв-кодинга (нужно будет шарить экран)...
🔍 API запрос: GET https://api.huntflow.ru/v2/accounts
📥 Ответ API: 200
📥 Тело ответа: {"items":[{"id":291341,"name":"Softnetix","nick":"softnetix","member_type":"owner","production_calendar":1}]}...
🔗 Сгенерирована ссылка на Huntflow (prod): https://huntflow.ru/my/softnetix#/vacancy/3936868/filter/workon/id/76643938
👥 Добавляем пользователя в участники: andrei.golubenko@softnetix.io
🔍 Время с timezone: 2025-11-29 13:00:00+03:00
🔍 Время начала (UTC): 2025-11-29 10:00:00+00:00
🔍 Время окончания (UTC): 2025-11-29 10:45:00+00:00
🔍 Строка времени начала: 2025-11-29T10:00:00
🔍 Строка времени окончания: 2025-11-29T10:45:00
📅 Создаем событие: JS Tech Screening | None ТЕСТ
📅 Время начала: 2025-11-29T10:00:00
📅 Время окончания: 2025-11-29T10:45:00
📅 Данные события: {'summary': 'JS Tech Screening | None ТЕСТ', 'description': 'Попрошу быть с камерой. Технический скрининг будет с секцией лайв-кодинга (нужно будет шарить экран). Если возникнут вопросы - на связи в телеграм <a href="https://t.me/talent_softnetix">@talent_softnetix</a>\n\nДля интервьюеров:\nhttps://huntflow.ru/my/softnetix#/vacancy/3936868/filter/workon/id/76643938', 'location': '', 'start': {'dateTime': '2025-11-29T10:00:00', 'timeZone': 'UTC'}, 'end': {'dateTime': '2025-11-29T10:45:00', 'timeZone': 'UTC'}, 'attendees': [{'email': 'andrei.golubenko@softnetix.io'}], 'conferenceData': {'createRequest': {'requestId': 'meet-202511291300', 'conferenceSolutionKey': {'type': 'hangoutsMeet'}}}, 'reminders': {'useDefault': False, 'overrides': [{'method': 'email', 'minutes': 1440}, {'method': 'popup', 'minutes': 10}]}}
✅ Событие создано: JS Tech Screening | None ТЕСТ (2025-11-29 13:00:00+03:00 - 2025-11-29 13:45:00+03:00)
⏱️ Длительность: 45 минут
🔗 Ссылка на событие: https://www.google.com/calendar/event?eid=cG9mOHVsMTFpODU0NThwczVnYXVsY3FvbzQgYW5kcmVpLmdvbHViZW5rb0Bzb2Z0bmV0aXguaW8
🔗 Google Meet ссылка: https://meet.google.com/okj-eqie-vhb
✅ Календарное событие создано: JS Tech Screening | None ТЕСТ
🔗 Ссылка на событие: https://www.google.com/calendar/event?eid=cG9mOHVsMTFpODU0NThwczVnYXVsY3FvbzQgYW5kcmVpLmdvbHViZW5rb0Bzb2Z0bmV0aXguaW8
🔍 Результат создания календарного события: True
[TECH_SCREENING_UPDATE] Календарное событие создано успешно, обновляем статус...
[TECH_SCREENING] Начинаем обновление статуса кандидата 76643938
[TECH_SCREENING] Импорты выполнены успешно
🔍 API запрос: GET https://api.huntflow.ru/v2/accounts
📥 Ответ API: 200
📥 Тело ответа: {"items":[{"id":291341,"name":"Softnetix","nick":"softnetix","member_type":"owner","production_calendar":1}]}...
[TECH_SCREENING] Получен account_id: 291341
🔍 TECH_SCREENING: Используем статус из вакансии: 186503
✅ Найдена длительность скринингов для вакансии 'Frontend Engineer (React)': 45 минут
[TECH_SCREENING] Кандидат: 76643938 -> Tech Screening
[TECH_SCREENING] Комментарий: Суббота, 29 ноября⋅13:00–13:45
[TECH_SCREENING] Используем статус ID: 186503
[TECH_SCREENING] Вызываем update_applicant_status...
🔍 API запрос: GET https://api.huntflow.ru/v2/accounts/291341/applicants/76643938
📥 Ответ API: 200
📥 Тело ответа: {"first_name":"ТЕСТ","last_name":null,"middle_name":null,"money":null,"phone":null,"email":null,"skype":null,"position":null,"company":null,"photo":null,"id":76643938,"account":291341,"photo_url":null,"birthday":null,"created":"2025-11-28T17:07:18+03:00","tags":[],"links":[{"id":72202049,"status":186503,"updated":"2025-11-28T17:37:41+03:00","changed":"2025-11-28T17:37:41+03:00","vacancy":3936868}],"external":[{"id":76472841,"auth_type":"NATIVE","account_source":null,"updated":"2025-11-28T17:07:1...
DEBUG: Обновляем статус кандидата 76643938 на статус 186503 для вакансии 3936868 с комментарием: Суббота, 29 ноября⋅13:00–13:45
DEBUG: Пробуем эндпоинт /accounts/291341/applicants/76643938/vacancy с данными {'vacancy': 3936868, 'status': 186503, 'comment': 'Суббота, 29 ноября⋅13:00–13:45'}
🔍 API запрос: POST https://api.huntflow.ru/v2/accounts/291341/applicants/76643938/vacancy
📤 JSON данные: {'vacancy': 3936868, 'status': 186503, 'comment': 'Суббота, 29 ноября⋅13:00–13:45'}
📥 Ответ API: 200
📥 Тело ответа: {"id":72202049,"changed":"2025-11-28T17:47:10+03:00","vacancy":3936868,"status":186503,"rejection_reason":null}...
DEBUG: Статус успешно обновлен через /accounts/291341/applicants/76643938/vacancy
🗑️ Сброшен кэш для кандидата: 76643938
[TECH_SCREENING] Результат update_applicant_status: {'id': 72202049, 'changed': '2025-11-28T17:47:10+03:00', 'vacancy': 3936868, 'status': 186503, 'rejection_reason': None}
[TECH_SCREENING] Успешно обновлен статус на Tech Screening
[TECH_SCREENING_UPDATE] Статус обновлен: True
✅ COMBINED_FORM_SAVE: Структура Google Drive создана
🔍 COMBINED_FORM_SAVE: Обрабатываем scorecard...
🚀 INVITE.process_scorecard: Начинаем обработку скоркарда для инвайта 407
📁 INVITE.process_scorecard: File ID: 1av3aFX0prbJH5gjcC6IitierROhQlUJANyhLZuIQHJs
👤 INVITE.process_scorecard: Кандидат: None ТЕСТ
🔍 INVITE.process_scorecard: Проверяем Google OAuth...
🔧 INVITE.process_scorecard: Создаем GoogleSheetsService...
📋 INVITE.process_scorecard: Вакансия найдена: Frontend Engineer (React) (ID: 3936868)
🔧 INVITE.process_scorecard: Создаем ScorecardProcessor...
▶️ INVITE.process_scorecard: Вызываем processor.process_scorecard...
🚀 SCORECARD: Начинаем обработку скоркарда для None ТЕСТ
📁 SCORECARD: File ID: 1av3aFX0prbJH5gjcC6IitierROhQlUJANyhLZuIQHJs
👤 SCORECARD: Кандидат: None ТЕСТ
📊 SCORECARD: Грейд: Middle
🔗 SCORECARD: candidate_url: https://huntflow.ru/my/softnetix#/vacancy/3936868/filter/186500/id/76643938
📋 SCORECARD: vacancy_id: 3936868
📄 SCORECARD: Шаг 1 - Обработка листов
📋 SCORECARD: Листы для сохранения: ['middle', 'all', 'score', "Task's"]
🔍 SCORECARD: Обработка листа: 'All' (keep: True, delete: False)
🔍 SCORECARD: Обработка листа: 'Score' (keep: True, delete: False)
🔍 SCORECARD: Обработка листа: 'Task's' (keep: True, delete: False)
🔍 SCORECARD: Обработка листа: 'Junior' (keep: False, delete: False)
🔍 SCORECARD: Обработка листа: 'Junior+' (keep: False, delete: False)
🔍 SCORECARD: Обработка листа: 'Middle' (keep: True, delete: False)
🔍 SCORECARD: Обработка листа: 'Middle+' (keep: False, delete: False)
🔍 SCORECARD: Обработка листа: 'Senior' (keep: False, delete: False)
✏️ SCORECARD: Шаг 2 - Заполнение полей и замена плейсхолдеров
🔄 SCORECARD: Начинаем замену плейсхолдеров в файле 1av3aFX0prbJH5gjcC6IitierROhQlUJANyhLZuIQHJs
🔍 API запрос: GET https://api.huntflow.ru/v2/accounts
📥 Ответ API: 200
📥 Тело ответа: {"items":[{"id":291341,"name":"Softnetix","nick":"softnetix","member_type":"owner","production_calendar":1}]}...
🔗 Сгенерирована ссылка на Huntflow (prod): https://huntflow.ru/my/softnetix#/vacancy/3936868/filter/workon/id/76643938[28/Nov/2025 17:47:26] "POST /google-oauth/chat/38/ajax/ HTTP/1.1" 200 5688
/Users/agolubenko/hrhelper/fullstack/backend/logic/scorecard/config.py changed, reloading.

🔗 SCORECARD: Получена ссылка Huntflow: https://huntflow.ru/my/softnetix#/vacancy/3936868/filter/workon/id/76643938
🔗 SCORECARD: Ссылка Huntflow: https://huntflow.ru/my/softnetix#/vacancy/3936868/filter/workon/id/76643938
📊 SCORECARD: Используем грейд из инвайте: Middle
📊 SCORECARD: Грейд кандидата: Middle
🔄 SCORECARD: Заменяем [HUNTFLOW_LINK] на https://huntflow.ru/my/softnetix#/vacancy/3936868/...
🔍 SCORECARD: Ищем '[HUNTFLOW_LINK]' для замены на 'https://huntflow.ru/my/softnetix#/vacancy/3936868/...'
📋 SCORECARD: Найдено листов: 4
📄 SCORECARD: Обрабатываем лист 'All' (ID: 0) для замены '[HUNTFLOW_LINK]'
📄 SCORECARD: Обрабатываем лист 'Score' (ID: 1731548142) для замены '[HUNTFLOW_LINK]'
📄 SCORECARD: Обрабатываем лист 'Task's' (ID: 383618631) для замены '[HUNTFLOW_LINK]'
📄 SCORECARD: Обрабатываем лист 'Middle' (ID: 414376671) для замены '[HUNTFLOW_LINK]'
🔄 SCORECARD: Отправляем 4 запросов на замену
✅ SCORECARD: Заменено '[HUNTFLOW_LINK]' на 'https://huntflow.ru/my/softnetix#/vacancy/3936868/...' в 0 местах на 4 листах
⚠️ SCORECARD: Плейсхолдер '[HUNTFLOW_LINK]' не найден в таблице
⚠️ SCORECARD: Не удалось заменить [HUNTFLOW_LINK]
🔄 SCORECARD: Заменяем [LINK] на https://huntflow.ru/my/softnetix#/vacancy/3936868/...
🔍 SCORECARD: Ищем '[LINK]' для замены на 'https://huntflow.ru/my/softnetix#/vacancy/3936868/...'
📋 SCORECARD: Найдено листов: 4
📄 SCORECARD: Обрабатываем лист 'All' (ID: 0) для замены '[LINK]'
📄 SCORECARD: Обрабатываем лист 'Score' (ID: 1731548142) для замены '[LINK]'
📄 SCORECARD: Обрабатываем лист 'Task's' (ID: 383618631) для замены '[LINK]'
📄 SCORECARD: Обрабатываем лист 'Middle' (ID: 414376671) для замены '[LINK]'
🔄 SCORECARD: Отправляем 4 запросов на замену
✅ SCORECARD: Заменено '[LINK]' на 'https://huntflow.ru/my/softnetix#/vacancy/3936868/...' в 1 местах на 4 листах
✅ SCORECARD: [LINK] заменен успешно
🔄 SCORECARD: Заменяем [GRADE] на Middle
🔍 SCORECARD: Ищем '[GRADE]' для замены на 'Middle...'
📋 SCORECARD: Найдено листов: 4
📄 SCORECARD: Обрабатываем лист 'All' (ID: 0) для замены '[GRADE]'
📄 SCORECARD: Обрабатываем лист 'Score' (ID: 1731548142) для замены '[GRADE]'
📄 SCORECARD: Обрабатываем лист 'Task's' (ID: 383618631) для замены '[GRADE]'
📄 SCORECARD: Обрабатываем лист 'Middle' (ID: 414376671) для замены '[GRADE]'
🔄 SCORECARD: Отправляем 4 запросов на замену
✅ SCORECARD: Заменено '[GRADE]' на 'Middle...' в 1 местах на 4 листах
✅ SCORECARD: [GRADE] заменен успешно
🔄 SCORECARD: Заменяем комбинированные плейсхолдеры
🔧 SCORECARD: Всего заменено плейсхолдеров: 2
🔍 API запрос: GET https://api.huntflow.ru/v2/accounts
📥 Ответ API: 200
📥 Тело ответа: {"items":[{"id":291341,"name":"Softnetix","nick":"softnetix","member_type":"owner","production_calendar":1}]}...
🔗 Сгенерирована ссылка на Huntflow (prod): https://huntflow.ru/my/softnetix#/vacancy/3936868/filter/workon/id/76643938
🔗 SCORECARD: Получена ссылка Huntflow: https://huntflow.ru/my/softnetix#/vacancy/3936868/filter/workon/id/76643938
📊 SCORECARD: Используем грейд из инвайте: Middle
✅ SCORECARD: Заполнено поле All!B1: None ТЕСТ
🔍 API запрос: GET https://api.huntflow.ru/v2/accounts
📥 Ответ API: 200
📥 Тело ответа: {"items":[{"id":291341,"name":"Softnetix","nick":"softnetix","member_type":"owner","production_calendar":1}]}...
🔗 Сгенерирована ссылка на Huntflow (prod): https://huntflow.ru/my/softnetix#/vacancy/3936868/filter/workon/id/76643938
🔗 SCORECARD: Получена ссылка Huntflow: https://huntflow.ru/my/softnetix#/vacancy/3936868/filter/workon/id/76643938
📊 SCORECARD: Используем грейд из инвайте: Middle
✅ SCORECARD: Заполнено поле All!C1: Middle
📝 SCORECARD: Шаг 3 - Формирование названия файла
🔍 API запрос: GET https://api.huntflow.ru/v2/accounts
📥 Ответ API: 200
📥 Тело ответа: {"items":[{"id":291341,"name":"Softnetix","nick":"softnetix","member_type":"owner","production_calendar":1}]}...
🔗 Сгенерирована ссылка на Huntflow (prod): https://huntflow.ru/my/softnetix#/vacancy/3936868/filter/workon/id/76643938
🔗 SCORECARD: Получена ссылка Huntflow: https://huntflow.ru/my/softnetix#/vacancy/3936868/filter/workon/id/76643938
📊 SCORECARD: Используем грейд из инвайте: Middle
✅ SCORECARD: Обработка завершена успешно
📊 INVITE.process_scorecard: Результат: success=True, errors=[]
✅ INVITE.process_scorecard: Scorecard обработан. Сохранены листы: All, Score, Task's, Middle. Удалены листы: Junior, Junior+, Middle+, Senior. Выполнено действий: 1.
✅ COMBINED_FORM_SAVE: Scorecard обработан
🔍 COMBINED_FORM_SAVE: Добавляем метку интервьюера в Huntflow...
🔍 INTERVIEWER_TAG: Начинаем добавление метки интервьюера...
ℹ️ INTERVIEWER_TAG: Нет интервьюера для добавления метки в Huntflow
✅ COMBINED_FORM_SAVE: Метка интервьюера добавлена
✅ COMBINED_FORM_SAVE: Инвайт сохранен с ID: 407
🔍 CHAT AJAX: Последнее системное сообщение: Инвайт - 28.11.2025 14:47 (type: invite)
🔍 CHAT AJAX: Рендерим HTML для сообщения типа: invite
🔍 CHAT AJAX: HTML сгенерирован, длина: 4730
Watching for file changes with StatReloader
